"Tanggal","Terakhir","Pembukaan","Tertinggi","Terendah","Vol.","Perubahan%"
"18/04/2025","16.820,0","16.820,0","16.820,0","16.820,0","","0,00%"
"17/04/2025","16.820,0","16.830,0","16.845,0","16.802,5","","0,00%"
"16/04/2025","16.820,0","16.815,0","16.855,0","16.815,0","","0,06%"
"15/04/2025","16.810,0","16.782,5","16.825,0","16.770,0","","0,24%"
"14/04/2025","16.770,0","16.787,5","16.793,5","16.750,0","","-0,12%"
"11/04/2025","16.790,0","16.797,5","16.820,0","16.765,0","","-0,03%"
"10/04/2025","16.795,0","16.815,0","16.815,0","16.727,5","","-0,39%"
"09/04/2025","16.860,0","16.925,0","16.972,5","16.862,5","","0,00%"
"08/04/2025","16.860,0","16.852,5","16.874,0","16.825,0","","1,84%"
"07/04/2025","16.555,0","16.555,0","16.555,0","16.555,0","","0,00%"
"04/04/2025","16.555,0","16.555,0","16.555,0","16.555,0","","0,00%"
"03/04/2025","16.555,0","16.555,0","16.555,0","16.555,0","","0,00%"
"02/04/2025","16.555,0","16.555,0","16.555,0","16.555,0","","0,00%"
"01/04/2025","16.555,0","16.555,0","16.555,0","16.555,0","","0,00%"
"31/03/2025","16.555,0","16.555,0","16.555,0","16.555,0","","0,00%"
"28/03/2025","16.555,0","16.555,0","16.555,0","16.555,0","","0,00%"
"27/03/2025","16.555,0","16.610,0","16.615,0","16.541,5","","-0,12%"
"26/03/2025","16.575,0","16.605,0","16.615,0","16.560,0","","-0,09%"
"25/03/2025","16.590,0","16.597,5","16.645,0","16.587,5","","0,24%"
"24/03/2025","16.550,0","16.495,0","16.570,0","16.495,0","","0,33%"
"21/03/2025","16.495,0","16.497,5","16.516,5","16.475,0","","0,15%"
"20/03/2025","16.470,0","16.530,0","16.537,5","16.460,0","","-0,30%"
"19/03/2025","16.520,0","16.500,0","16.537,5","16.485,0","","0,61%"
"18/03/2025","16.420,0","16.400,0","16.477,5","16.386,5","","0,15%"
"17/03/2025","16.395,0","16.325,0","16.402,5","16.315,0","","0,31%"
"14/03/2025","16.345,0","16.405,0","16.417,5","16.347,5","","-0,46%"
"13/03/2025","16.420,0","16.465,0","16.467,5","16.400,0","","-0,12%"
"12/03/2025","16.440,0","16.440,0","16.465,0","16.430,0","","0,24%"
"11/03/2025","16.400,0","16.385,0","16.451,0","16.377,5","","0,40%"
"10/03/2025","16.335,0","16.295,0","16.355,0","16.285,0","","0,28%"
"07/03/2025","16.290,0","16.335,0","16.360,0","16.292,0","","-0,21%"
"06/03/2025","16.325,0","16.275,0","16.345,0","16.260,0","","0,09%"
"05/03/2025","16.310,0","16.410,0","16.437,5","16.307,5","","-0,79%"
"04/03/2025","16.440,0","16.450,0","16.467,5","16.425,0","","-0,21%"
"03/03/2025","16.475,0","16.540,0","16.545,0","16.475,0","","-0,60%"
"28/02/2025","16.575,0","16.535,0","16.592,5","16.515,0","","0,79%"
"27/02/2025","16.445,0","16.390,0","16.455,0","16.390,0","","0,49%"
"26/02/2025","16.365,0","16.352,5","16.410,0","16.287,5","","0,15%"
"25/02/2025","16.340,0","16.290,0","16.357,5","16.280,0","","0,43%"
"24/02/2025","16.270,0","16.310,0","16.327,5","16.270,0","","-0,18%"
"21/02/2025","16.300,0","16.290,0","16.317,5","16.272,5","","-0,15%"
"20/02/2025","16.325,0","16.355,0","16.372,5","16.322,0","","-0,03%"
"19/02/2025","16.330,0","16.320,0","16.372,5","16.307,5","","0,37%"
"18/02/2025","16.270,0","16.237,5","16.293,5","16.232,5","","0,37%"
"17/02/2025","16.210,0","16.185,0","16.227,0","16.174,0","","-0,28%"
"14/02/2025","16.255,0","16.290,0","16.315,0","16.247,5","","-0,58%"
"13/02/2025","16.350,0","16.385,0","16.400,0","16.348,5","","-0,06%"
"12/02/2025","16.360,0","16.357,5","16.380,5","16.346,5","","-0,06%"
"11/02/2025","16.370,0","16.367,5","16.390,0","16.355,0","","0,18%"
"10/02/2025","16.340,0","16.320,0","16.357,5","16.317,5","","0,43%"
"07/02/2025","16.270,0","16.332,5","16.350,0","16.275,0","","-0,34%"
"06/02/2025","16.325,0","16.292,5","16.345,0","16.287,0","","0,28%"
"05/02/2025","16.280,0","16.315,0","16.335,0","16.285,0","","-0,37%"
"04/02/2025","16.340,0","16.370,0","16.382,5","16.345,0","","-0,55%"
"03/02/2025","16.430,0","16.400,0","16.472,5","16.392,5","","0,83%"
"31/01/2025","16.295,0","16.280,0","16.322,5","16.280,0","","0,25%"
"30/01/2025","16.255,0","16.235,0","16.275,0","16.221,5","","0,53%"
"29/01/2025","16.170,0","16.170,0","16.170,0","16.170,0","","0,00%"
"28/01/2025","16.170,0","16.170,0","16.170,0","16.170,0","","0,00%"
"27/01/2025","16.170,0","16.170,0","16.170,0","16.170,0","","0,00%"
"24/01/2025","16.170,0","16.260,0","16.260,0","16.150,0","","-0,65%"
"23/01/2025","16.275,0","16.265,0","16.317,5","16.237,5","","-0,03%"
"22/01/2025","16.280,0","16.305,0","16.341,0","16.280,0","","-0,31%"
"21/01/2025","16.330,0","16.310,0","16.347,5","16.290,0","","-0,15%"
"20/01/2025","16.355,0","16.365,0","16.387,5","16.347,5","","-0,03%"
"17/01/2025","16.360,0","16.365,0","16.375,0","16.345,0","","0,03%"
"16/01/2025","16.355,0","16.355,0","16.390,0","16.347,5","","0,25%"
"15/01/2025","16.315,0","16.290,0","16.340,0","16.281,5","","0,34%"
"14/01/2025","16.260,0","16.270,0","16.282,5","16.250,0","","-0,06%"
"13/01/2025","16.270,0","16.247,5","16.292,5","16.232,5","","0,56%"
"10/01/2025","16.180,0","16.212,5","16.215,0","16.170,0","","-0,09%"
"09/01/2025","16.195,0","16.240,0","16.267,5","16.200,0","","0,03%"
"08/01/2025","16.190,0","16.167,5","16.215,0","16.157,5","","0,40%"
"07/01/2025","16.125,0","16.175,0","16.195,0","16.127,5","","-0,40%"
"06/01/2025","16.190,0","16.200,0","16.212,5","16.165,0","","0,03%"
"03/01/2025","16.185,0","16.225,0","16.245,0","16.190,0","","-0,03%"
"02/01/2025","16.190,0","16.200,0","16.262,5","16.174,5","","0,62%"
"01/01/2025","16.090,0","16.090,0","16.090,0","16.090,0","","0,00%"
"31/12/2024","16.090,0","16.090,0","16.172,5","16.070,0","","-0,25%"
"30/12/2024","16.130,0","16.175,0","16.195,0","16.127,5","","-0,62%"
"27/12/2024","16.230,0","16.207,5","16.260,0","16.205,0","","0,28%"
"26/12/2024","16.185,0","16.185,0","16.185,0","16.185,0","","0,00%"
"25/12/2024","16.185,0","16.185,0","16.185,0","16.185,0","","0,00%"
"24/12/2024","16.185,0","16.155,0","16.220,0","16.155,0","","0,09%"
"23/12/2024","16.170,0","16.182,5","16.197,5","16.125,0","","-0,12%"
"20/12/2024","16.190,0","16.315,0","16.322,5","16.192,0","","-0,58%"
"19/12/2024","16.285,0","16.205,0","16.305,0","16.185,0","","1,24%"
"18/12/2024","16.085,0","16.102,5","16.122,5","16.078,5","","0,16%"
"17/12/2024","16.060,0","16.020,0","16.071,5","16.012,5","","0,41%"
"16/12/2024","15.995,0","16.005,0","16.029,0","15.992,5","","0,03%"
"13/12/2024","15.990,0","15.965,0","16.002,5","15.955,0","","0,44%"
"12/12/2024","15.920,0","15.940,0","15.955,0","15.925,0","","0,06%"
"11/12/2024","15.910,0","15.880,0","15.922,5","15.877,0","","0,32%"
"10/12/2024","15.860,0","15.855,0","15.883,5","15.847,5","","0,00%"
"09/12/2024","15.860,0","15.855,0","15.877,5","15.832,5","","0,09%"
"06/12/2024","15.845,0","15.860,0","15.862,5","15.832,5","","-0,06%"
"05/12/2024","15.855,0","15.912,5","15.927,5","15.859,5","","-0,44%"
"04/12/2024","15.925,0","15.955,0","15.977,5","15.925,0","","-0,06%"
"03/12/2024","15.935,0","15.925,0","15.964,0","15.920,0","","0,25%"
"02/12/2024","15.895,0","15.870,0","15.917,5","15.865,0","","0,35%"
"29/11/2024","15.840,0","15.865,0","15.877,5","15.835,0","","-0,16%"
"28/11/2024","15.865,0","15.875,0","15.891,5","15.840,0","","-0,38%"
"27/11/2024","15.925,0","15.925,0","15.925,0","15.925,0","","0,00%"
"26/11/2024","15.925,0","15.912,5","15.939,5","15.895,0","","0,38%"
"25/11/2024","15.865,0","15.880,0","15.887,5","15.846,5","","-0,03%"
"22/11/2024","15.870,0","15.930,0","15.937,5","15.875,0","","-0,31%"
"21/11/2024","15.920,0","15.905,0","15.956,5","15.900,0","","0,38%"
"20/11/2024","15.860,0","15.845,0","15.875,0","15.830,0","","0,22%"
"19/11/2024","15.825,0","15.810,0","15.837,5","15.790,0","","-0,13%"
"18/11/2024","15.845,0","15.865,0","15.877,5","15.830,0","","-0,03%"
"15/11/2024","15.850,0","15.915,0","15.967,5","15.855,0","","0,00%"
"14/11/2024","15.850,0","15.820,0","15.892,5","15.817,5","","0,51%"
"13/11/2024","15.770,0","15.765,0","15.797,5","15.752,5","","-0,03%"
"12/11/2024","15.775,0","15.745,0","15.798,5","15.732,5","","0,64%"
"11/11/2024","15.675,0","15.640,0","15.691,0","15.632,5","","0,06%"
"08/11/2024","15.665,0","15.625,0","15.697,5","15.617,5","","-0,41%"
"07/11/2024","15.730,0","15.815,0","15.830,0","15.735,0","","-0,60%"
"06/11/2024","15.825,0","15.787,5","15.862,5","15.787,5","","0,60%"
"05/11/2024","15.730,0","15.780,0","15.795,0","15.725,0","","-0,13%"
"04/11/2024","15.750,0","15.735,0","15.776,0","15.717,5","","0,22%"
"01/11/2024","15.715,0","15.705,0","15.732,5","15.698,5","","0,16%"
"31/10/2024","15.690,0","15.700,0","15.715,0","15.680,0","","0,00%"
"30/10/2024","15.690,0","15.752,5","15.755,0","15.695,0","","-0,41%"
"29/10/2024","15.755,0","15.737,5","15.778,5","15.730,0","","0,22%"
"28/10/2024","15.720,0","15.695,0","15.740,0","15.687,5","","0,54%"
"25/10/2024","15.635,0","15.602,5","15.643,5","15.592,5","","0,39%"
"24/10/2024","15.575,0","15.640,0","15.650,0","15.580,0","","-0,26%"
"23/10/2024","15.615,0","15.595,0","15.636,0","15.586,0","","0,39%"
"22/10/2024","15.555,0","15.530,0","15.575,0","15.527,5","","0,42%"
"21/10/2024","15.490,0","15.460,0","15.502,5","15.425,0","","0,19%"
"18/10/2024","15.460,0","15.515,0","15.522,5","15.443,5","","-0,19%"
"17/10/2024","15.490,0","15.545,0","15.555,0","15.485,0","","-0,10%"
"16/10/2024","15.505,0","15.545,0","15.561,0","15.507,5","","-0,45%"
"15/10/2024","15.575,0","15.555,0","15.584,0","15.532,5","","0,13%"
"14/10/2024","15.555,0","15.590,0","15.615,0","15.557,5","","-0,13%"
"11/10/2024","15.575,0","15.665,0","15.672,5","15.577,5","","-0,54%"
"10/10/2024","15.660,0","15.655,0","15.677,5","15.632,5","","0,29%"
"09/10/2024","15.615,0","15.625,0","15.640,0","15.580,0","","-0,16%"
"08/10/2024","15.640,0","15.685,0","15.701,5","15.625,0","","-0,22%"
"07/10/2024","15.675,0","15.625,0","15.700,0","15.625,0","","1,26%"
"04/10/2024","15.480,0","15.495,0","15.532,5","15.467,5","","0,42%"
"03/10/2024","15.415,0","15.327,5","15.437,5","15.305,0","","1,02%"
"02/10/2024","15.260,0","15.200,0","15.285,0","15.200,0","","0,43%"
"01/10/2024","15.195,0","15.175,0","15.212,5","15.167,5","","0,40%"
"30/09/2024","15.135,0","15.125,0","15.192,5","15.109,0","","0,10%"
"27/09/2024","15.120,0","15.100,0","15.160,0","15.082,5","","-0,26%"
"26/09/2024","15.160,0","15.130,0","15.187,5","15.122,5","","0,43%"
"25/09/2024","15.095,0","15.115,0","15.127,5","15.065,0","","-0,56%"
"24/09/2024","15.180,0","15.195,0","15.212,5","15.172,5","","-0,10%"
"23/09/2024","15.195,0","15.145,0","15.212,5","15.137,5","","0,33%"
"20/09/2024","15.145,0","15.130,0","15.152,5","15.070,0","","-0,56%"
"19/09/2024","15.230,0","15.345,0","15.357,5","15.232,5","","-0,65%"
"18/09/2024","15.330,0","15.325,0","15.360,0","15.312,5","","0,00%"
"17/09/2024","15.330,0","15.370,0","15.375,0","15.315,0","","-0,41%"
"16/09/2024","15.393,1","15.400,0","15.408,5","15.354,0","","-0,01%"
"13/09/2024","15.395,0","15.417,5","15.455,0","15.390,0","","-0,19%"
"12/09/2024","15.425,0","15.415,0","15.446,5","15.400,0","","0,19%"
"11/09/2024","15.395,0","15.440,0","15.440,0","15.395,0","","-0,32%"
"10/09/2024","15.445,0","15.475,0","15.485,0","15.431,5","","-0,03%"
"09/09/2024","15.450,0","15.475,0","15.485,0","15.416,0","","0,59%"
"06/09/2024","15.360,0","15.390,0","15.398,5","15.352,0","","-0,23%"
"05/09/2024","15.395,0","15.422,5","15.432,5","15.394,0","","-0,48%"
"04/09/2024","15.470,0","15.530,0","15.542,5","15.470,0","","-0,32%"
"03/09/2024","15.520,0","15.547,5","15.583,5","15.522,5","","0,00%"
"02/09/2024","15.520,0","15.497,5","15.555,0","15.492,5","","0,45%"
"30/08/2024","15.450,0","15.450,0","15.490,0","15.437,5","","0,26%"
"29/08/2024","15.410,0","15.420,0","15.447,5","15.367,5","","-0,06%"
"28/08/2024","15.420,0","15.517,5","15.532,5","15.420,0","","-0,45%"
"27/08/2024","15.490,0","15.480,0","15.545,0","15.460,0","","0,42%"
"26/08/2024","15.425,0","15.341,0","15.435,0","15.295,0","","-0,39%"
"23/08/2024","15.485,0","15.635,0","15.662,5","15.425,0","","-0,71%"
"22/08/2024","15.595,0","15.505,0","15.642,5","15.505,0","","0,74%"
"21/08/2024","15.480,0","15.450,0","15.500,0","15.422,0","","0,32%"
"20/08/2024","15.430,0","15.515,0","15.522,5","15.420,0","","-0,74%"
"19/08/2024","15.545,0","15.635,0","15.656,5","15.550,0","","-0,89%"
"16/08/2024","15.685,0","15.755,0","15.759,0","15.675,0","","-0,03%"
"15/08/2024","15.690,0","15.615,0","15.720,0","15.615,0","","0,10%"
"14/08/2024","15.675,0","15.725,0","15.737,5","15.665,0","","-0,98%"
"13/08/2024","15.830,0","15.935,0","15.962,5","15.824,5","","-0,75%"
"12/08/2024","15.950,0","15.940,0","15.985,0","15.925,0","","0,19%"
"09/08/2024","15.920,0","15.937,5","15.945,0","15.884,0","","0,19%"
"08/08/2024","15.890,0","16.005,0","16.012,5","15.894,0","","-0,87%"
"07/08/2024","16.030,0","16.160,0","16.177,5","16.021,5","","-0,80%"
"06/08/2024","16.160,0","16.210,0","16.215,0","16.165,0","","-0,12%"
"05/08/2024","16.180,0","16.180,0","16.197,5","16.122,5","","-0,09%"
"02/08/2024","16.195,0","16.260,0","16.281,5","16.194,5","","-0,22%"
"01/08/2024","16.230,0","16.255,0","16.270,0","16.210,0","","-0,15%"
"31/07/2024","16.255,0","16.305,0","16.323,0","16.259,0","","-0,25%"
"30/07/2024","16.295,0","16.305,0","16.332,5","16.290,0","","0,12%"
"29/07/2024","16.275,0","16.290,0","16.295,0","16.266,5","","-0,06%"
"26/07/2024","16.285,0","16.287,5","16.302,5","16.267,5","","0,25%"
"25/07/2024","16.245,0","16.237,5","16.276,0","16.230,0","","0,22%"
"24/07/2024","16.210,0","16.220,0","16.232,5","16.210,0","","0,03%"
"23/07/2024","16.205,0","16.215,0","16.222,5","16.185,0","","-0,06%"
"22/07/2024","16.215,0","16.210,0","16.237,5","16.205,0","","0,19%"
"19/07/2024","16.185,0","16.195,0","16.225,0","16.175,0","","0,22%"
"18/07/2024","16.150,0","16.135,0","16.170,0","16.125,0","","0,34%"
"17/07/2024","16.095,0","16.155,0","16.165,0","16.096,0","","-0,49%"
"16/07/2024","16.175,0","16.200,0","16.252,5","16.179,5","","0,06%"
"15/07/2024","16.165,0","16.145,0","16.189,0","16.137,5","","0,19%"
"12/07/2024","16.135,0","16.135,0","16.164,5","16.130,0","","-0,34%"
"11/07/2024","16.190,0","16.217,5","16.220,0","16.185,0","","-0,28%"
"10/07/2024","16.235,0","16.287,5","16.300,0","16.238,5","","-0,06%"
"09/07/2024","16.245,0","16.300,0","16.315,0","16.249,5","","-0,03%"
"08/07/2024","16.250,0","16.275,0","16.285,0","16.246,5","","-0,15%"
"05/07/2024","16.275,0","16.332,5","16.345,0","16.270,0","","-0,31%"
"04/07/2024","16.325,0","16.330,0","16.356,5","16.320,0","","-0,24%"
"03/07/2024","16.365,0","16.382,5","16.401,5","16.365,0","","-0,15%"
"02/07/2024","16.390,0","16.355,0","16.402,5","16.347,5","","0,43%"
"01/07/2024","16.320,0","16.352,5","16.412,5","16.315,0","","-0,31%"
"28/06/2024","16.370,0","16.410,0","16.422,5","16.375,0","","-0,15%"
"27/06/2024","16.395,0","16.410,0","16.432,5","16.392,5","","-0,03%"
"26/06/2024","16.400,0","16.420,0","16.450,0","16.400,0","","0,18%"
"25/06/2024","16.370,0","16.382,5","16.465,0","16.360,0","","-0,12%"
"24/06/2024","16.390,0","16.470,0","16.475,0","16.394,0","","-0,33%"
"21/06/2024","16.445,0","16.465,0","16.482,5","16.440,0","","0,12%"
"20/06/2024","16.425,0","16.375,0","16.430,0","16.371,5","","0,40%"
"19/06/2024","16.360,0","16.405,0","16.405,0","16.345,0","","-0,10%"
"18/06/2024","16.376,1","16.486,0","16.486,0","16.360,0","","-0,67%"
"17/06/2024","16.486,0","16.486,5","16.489,7","16.404,9","","0,56%"
"14/06/2024","16.395,0","16.287,5","16.417,5","16.282,5","","0,80%"
"13/06/2024","16.265,0","16.270,0","16.292,5","16.262,5","","-0,15%"
"12/06/2024","16.290,0","16.297,5","16.305,5","16.287,5","","0,03%"
"11/06/2024","16.285,0","16.285,0","16.302,5","16.278,0","","0,06%"
"10/06/2024","16.275,0","16.265,0","16.295,5","16.247,5","","0,53%"
"07/06/2024","16.190,0","16.240,0","16.245,0","16.190,0","","-0,40%"
"06/06/2024","16.255,0","16.285,0","16.287,5","16.257,5","","-0,15%"
"05/06/2024","16.280,0","16.255,0","16.293,5","16.247,5","","0,40%"
"04/06/2024","16.215,0","16.195,0","16.240,0","16.190,0","","-0,06%"
"03/06/2024","16.225,0","16.255,0","16.265,0","16.205,0","","-0,12%"
"31/05/2024","16.245,0","16.265,0","16.267,5","16.237,5","","-0,06%"
"30/05/2024","16.255,0","16.222,5","16.275,0","16.222,5","","0,62%"
"29/05/2024","16.155,0","16.130,0","16.167,5","16.117,5","","0,44%"
"28/05/2024","16.085,0","16.070,0","16.101,5","16.070,0","","0,16%"
"27/05/2024","16.060,0","16.030,0","16.072,5","16.015,0","","0,09%"
"24/05/2024","16.045,0","16.102,3","16.121,0","16.026,0","","-0,36%"
"23/05/2024","16.102,3","16.048,0","16.102,3","16.018,3","","0,70%"
"22/05/2024","15.990,0","15.990,0","16.010,0","15.967,5","","0,00%"
"21/05/2024","15.990,0","16.040,0","16.042,5","15.994,5","","0,13%"
"20/05/2024","15.970,0","15.960,0","15.987,5","15.960,0","","0,13%"
"17/05/2024","15.950,0","15.960,0","15.988,5","15.945,0","","0,19%"
"16/05/2024","15.920,0","15.922,5","15.960,0","15.912,5","","-0,66%"
"15/05/2024","16.025,0","16.080,0","16.095,0","16.026,5","","-0,40%"
"14/05/2024","16.090,0","16.130,0","16.141,5","16.100,0","","0,09%"
"13/05/2024","16.075,0","16.070,0","16.096,5","16.067,5","","0,10%"
"10/05/2024","16.058,9","16.036,5","16.080,0","16.009,7","","0,21%"
"09/05/2024","16.026,0","16.080,5","16.083,3","16.014,8","","-0,09%"
"08/05/2024","16.040,0","16.090,0","16.095,0","16.045,0","","0,00%"
"07/05/2024","16.040,0","16.065,0","16.070,5","16.044,5","","0,12%"
"06/05/2024","16.020,0","15.985,0","16.032,5","15.980,0","","-0,37%"
"03/05/2024","16.080,0","16.075,0","16.107,5","16.072,5","","-0,62%"
"02/05/2024","16.180,0","16.250,0","16.250,0","16.185,0","","-0,08%"
"01/05/2024","16.193,6","16.279,0","16.280,5","16.167,3","","-0,38%"
"30/04/2024","16.255,0","16.265,0","16.282,5","16.259,5","","0,03%"
"29/04/2024","16.250,0","16.237,5","16.265,0","16.229,5","","0,28%"
"26/04/2024","16.205,0","16.200,0","16.229,5","16.197,5","","0,12%"
"25/04/2024","16.185,0","16.205,0","16.223,5","16.179,0","","0,22%"
"24/04/2024","16.150,0","16.150,0","16.180,0","16.145,0","","-0,40%"
"23/04/2024","16.215,0","16.245,0","16.252,5","16.220,0","","-0,09%"
"22/04/2024","16.230,0","16.217,5","16.245,0","16.207,5","","-0,12%"
"19/04/2024","16.250,0","16.265,0","16.290,0","16.255,0","","0,49%"
"18/04/2024","16.170,0","16.185,0","16.195,0","16.155,0","","-0,28%"
"17/04/2024","16.215,0","16.235,0","16.272,5","16.210,0","","0,28%"
"16/04/2024","16.170,0","16.075,0","16.210,0","16.072,5","","0,33%"
"15/04/2024","16.116,7","16.118,0","16.138,0","16.050,8","","0,00%"
"12/04/2024","16.117,0","16.030,5","16.161,3","15.996,0","","0,54%"
"11/04/2024","16.031,0","16.002,0","16.036,5","15.950,5","","0,21%"
"10/04/2024","15.998,0","15.900,0","16.002,0","15.826,0","","0,62%"
"09/04/2024","15.899,0","15.925,0","15.925,0","15.833,0","","-0,16%"
"08/04/2024","15.925,0","15.888,0","15.928,0","15.867,0","","0,54%"
"05/04/2024","15.840,0","15.907,5","15.916,0","15.842,5","","-0,31%"
"04/04/2024","15.890,0","15.937,5","15.937,5","15.890,0","","-0,16%"
"03/04/2024","15.915,0","15.930,0","15.940,0","15.905,0","","0,13%"
"02/04/2024","15.895,0","15.947,5","15.965,0","15.897,0","","0,06%"
"01/04/2024","15.885,0","15.875,0","15.920,0","15.872,5","","0,03%"
"29/03/2024","15.880,0","15.891,0","15.909,3","15.858,5","","0,19%"
"28/03/2024","15.850,0","15.880,0","15.894,0","15.855,0","","0,00%"
"27/03/2024","15.850,0","15.830,0","15.865,0","15.818,5","","0,41%"
"26/03/2024","15.785,0","15.800,0","15.810,0","15.780,0","","-0,06%"
"25/03/2024","15.795,0","15.785,0","15.808,5","15.775,0","","0,13%"
"22/03/2024","15.775,0","15.730,0","15.790,0","15.722,5","","0,77%"
"21/03/2024","15.655,0","15.665,0","15.680,0","15.647,0","","-0,35%"
"20/03/2024","15.710,0","15.722,5","15.742,5","15.708,5","","0,00%"
"19/03/2024","15.710,0","15.720,0","15.735,0","15.697,5","","0,16%"
"18/03/2024","15.685,0","15.625,0","15.698,0","15.622,5","","0,61%"
"15/03/2024","15.590,0","15.630,0","15.641,5","15.594,5","","0,10%"
"14/03/2024","15.575,0","15.580,0","15.589,5","15.569,5","","0,03%"
"13/03/2024","15.570,0","15.570,0","15.595,0","15.557,5","","0,06%"
"12/03/2024","15.561,0","15.526,5","15.563,0","15.470,9","","0,23%"
"11/03/2024","15.525,0","15.541,3","15.590,0","15.438,5","","-0,38%"
"08/03/2024","15.585,0","15.625,0","15.640,0","15.573,0","","-0,42%"
"07/03/2024","15.650,0","15.667,5","15.685,0","15.635,0","","-0,29%"
"06/03/2024","15.695,0","15.760,0","15.760,0","15.690,0","","-0,44%"
"05/03/2024","15.765,0","15.752,5","15.777,5","15.735,0","","0,19%"
"04/03/2024","15.735,0","15.705,0","15.740,0","15.704,5","","0,25%"
"01/03/2024","15.695,0","15.722,5","15.722,5","15.680,0","","-0,10%"
"29/02/2024","15.710,0","15.705,0","15.735,5","15.690,0","","0,19%"
"28/02/2024","15.680,0","15.645,0","15.692,0","15.645,0","","0,29%"
"27/02/2024","15.635,0","15.650,0","15.662,5","15.640,0","","0,06%"
"26/02/2024","15.625,0","15.622,5","15.642,5","15.619,0","","0,22%"
"23/02/2024","15.590,0","15.602,5","15.607,5","15.572,5","","0,03%"
"22/02/2024","15.585,0","15.640,0","15.659,5","15.589,5","","-0,29%"
"21/02/2024","15.630,0","15.670,0","15.685,0","15.635,0","","-0,16%"
"20/02/2024","15.655,0","15.640,0","15.669,0","15.637,5","","0,19%"
"19/02/2024","15.625,0","15.640,0","15.642,5","15.616,0","","0,06%"
"16/02/2024","15.615,0","15.655,0","15.677,5","15.620,0","","0,00%"
"15/02/2024","15.615,0","15.582,5","15.640,0","15.547,5","","-0,11%"
"14/02/2024","15.632,0","15.677,0","15.726,7","15.560,6","","0,27%"
"13/02/2024","15.590,0","15.590,0","15.614,0","15.565,0","","0,00%"
"12/02/2024","15.590,0","15.640,0","15.640,0","15.594,5","","-0,14%"
"09/02/2024","15.611,5","15.665,0","15.666,0","15.609,0","","-0,34%"
"08/02/2024","15.665,0","15.654,0","15.678,0","15.618,0","","0,22%"
"07/02/2024","15.630,0","15.722,5","15.727,5","15.615,0","","-0,60%"
"06/02/2024","15.725,0","15.752,5","15.757,5","15.722,5","","0,16%"
"05/02/2024","15.700,0","15.725,0","15.727,5","15.690,5","","0,29%"
"02/02/2024","15.655,0","15.755,0","15.755,0","15.644,0","","-0,67%"
"01/02/2024","15.760,0","15.787,5","15.802,5","15.757,5","","-0,10%"
"31/01/2024","15.775,0","15.802,5","15.818,0","15.778,0","","-0,01%"
"30/01/2024","15.777,0","15.800,0","15.816,0","15.775,0","","-0,18%"
"29/01/2024","15.805,0","15.812,5","15.833,0","15.807,5","","-0,06%"
"26/01/2024","15.815,0","15.837,5","15.847,5","15.810,0","","-0,03%"
"25/01/2024","15.820,0","15.710,0","15.835,0","15.705,0","","0,73%"
"24/01/2024","15.705,0","15.694,0","15.730,0","15.693,0","","0,51%"
"23/01/2024","15.625,0","15.660,0","15.677,5","15.630,0","","-0,03%"
"22/01/2024","15.630,0","15.607,5","15.640,0","15.607,5","","0,13%"
"19/01/2024","15.610,0","15.617,5","15.637,5","15.612,5","","-0,03%"
"18/01/2024","15.615,0","15.617,5","15.637,5","15.612,5","","-0,13%"
"17/01/2024","15.635,0","15.625,0","15.647,5","15.617,5","","0,32%"
"16/01/2024","15.585,0","15.572,5","15.598,5","15.570,0","","0,23%"
"15/01/2024","15.550,0","15.555,0","15.562,5","15.545,0","","0,03%"
"12/01/2024","15.545,0","15.562,5","15.575,0","15.542,5","","0,00%"
"11/01/2024","15.545,0","15.552,5","15.570,0","15.544,5","","-0,13%"
"10/01/2024","15.565,0","15.540,0","15.587,5","15.537,5","","0,32%"
"09/01/2024","15.515,0","15.529,0","15.531,0","15.504,5","","-0,03%"
"08/01/2024","15.520,0","15.500,0","15.533,5","15.500,0","","0,06%"
"05/01/2024","15.510,0","15.507,5","15.532,0","15.499,5","","0,16%"
"04/01/2024","15.485,0","15.535,0","15.552,5","15.490,0","","0,06%"
"03/01/2024","15.475,0","15.505,0","15.527,5","15.470,0","","0,06%"
"02/01/2024","15.465,0","15.430,0","15.482,5","15.430,0","","0,49%"
"01/01/2024","15.390,0","15.390,1","15.390,1","15.390,0","","-0,03%"
"29/12/2023","15.395,0","15.430,0","15.457,5","15.397,0","","-0,13%"
"28/12/2023","15.415,0","15.385,0","15.434,5","15.380,0","","-0,06%"
"27/12/2023","15.425,0","15.430,0","15.442,5","15.392,5","","0,12%"
"26/12/2023","15.407,0","15.467,0","15.467,0","15.405,0","","-0,39%"
"25/12/2023","15.467,0","15.466,8","15.467,0","15.466,8","","-0,08%"
"22/12/2023","15.480,0","15.490,0","15.505,0","15.475,0","","-0,26%"
"21/12/2023","15.520,0","15.520,0","15.551,0","15.512,5","","0,10%"
"20/12/2023","15.505,0","15.500,0","15.527,5","15.494,0","","0,03%"
"19/12/2023","15.500,0","15.522,5","15.526,5","15.487,5","","-0,03%"
"18/12/2023","15.505,0","15.542,5","15.561,5","15.490,0","","0,10%"
"15/12/2023","15.490,0","15.512,5","15.528,5","15.472,5","","-0,03%"
"14/12/2023","15.495,0","15.460,0","15.520,0","15.460,0","","-1,02%"
"13/12/2023","15.655,0","15.611,0","15.677,5","15.597,0","","0,26%"
"12/12/2023","15.615,0","15.640,0","15.654,5","15.614,5","","0,03%"
"11/12/2023","15.610,0","15.580,0","15.622,5","15.580,0","","0,68%"
"08/12/2023","15.505,0","15.502,5","15.526,5","15.483,5","","-0,03%"
"07/12/2023","15.510,0","15.515,0","15.543,5","15.509,0","","0,13%"
"06/12/2023","15.490,0","15.490,0","15.514,5","15.485,0","","-0,06%"
"05/12/2023","15.500,0","15.490,0","15.519,0","15.487,5","","0,32%"
"04/12/2023","15.450,0","15.425,0","15.468,5","15.415,0","","-0,19%"
"01/12/2023","15.480,0","15.520,0","15.548,5","15.485,0","","-0,16%"
"30/11/2023","15.505,0","15.450,0","15.510,0","15.441,0","","0,75%"
"29/11/2023","15.390,0","15.387,5","15.422,5","15.357,5","","-0,26%"
"28/11/2023","15.430,0","15.470,0","15.482,5","15.430,0","","-0,39%"
"27/11/2023","15.490,0","15.540,0","15.560,0","15.475,0","","-0,45%"
"24/11/2023","15.560,0","15.565,0","15.612,5","15.555,0","","0,06%"
"23/11/2023","15.550,0","15.600,0","15.623,5","15.545,0","","-0,13%"
"22/11/2023","15.570,0","15.535,0","15.604,0","15.530,0","","0,87%"
"21/11/2023","15.435,0","15.392,0","15.507,0","15.385,0","","-0,03%"
"20/11/2023","15.440,0","15.412,5","15.552,0","15.382,5","","-0,32%"
"17/11/2023","15.490,0","15.512,5","15.535,0","15.489,0","","-0,32%"
"16/11/2023","15.540,0","15.555,0","15.622,5","15.545,0","","0,06%"
"15/11/2023","15.530,0","15.505,0","15.553,0","15.467,5","","-1,02%"
"14/11/2023","15.690,0","15.695,0","15.707,5","15.690,0","","-0,03%"
"13/11/2023","15.695,0","15.702,5","15.727,0","15.697,5","","0,03%"
"10/11/2023","15.690,0","15.685,0","15.712,5","15.675,0","","0,26%"
"09/11/2023","15.650,0","15.642,5","15.672,5","15.631,0","","0,03%"
"08/11/2023","15.645,0","15.625,0","15.665,0","15.590,0","","0,13%"
"07/11/2023","15.625,0","15.565,0","15.635,0","15.560,0","","0,58%"
"06/11/2023","15.535,0","15.595,0","15.595,0","15.510,0","","-1,21%"
"03/11/2023","15.725,0","15.832,5","15.832,5","15.724,0","","-0,79%"
"02/11/2023","15.850,0","15.875,0","15.880,0","15.835,0","","-0,50%"
"01/11/2023","15.930,0","15.925,0","15.953,5","15.920,0","","0,31%"
"31/10/2023","15.880,0","15.877,5","15.912,5","15.867,5","","-0,03%"
"30/10/2023","15.885,0","15.922,5","15.930,5","15.882,5","","-0,31%"
"27/10/2023","15.935,0","15.917,5","15.952,5","15.914,0","","0,13%"
"26/10/2023","15.915,0","15.895,0","15.942,5","15.895,0","","0,32%"
"25/10/2023","15.865,0","15.867,5","15.880,0","15.862,5","","0,13%"
"24/10/2023","15.845,0","15.892,5","15.895,0","15.835,0","","-0,53%"
"23/10/2023","15.930,0","15.880,0","15.967,5","15.880,0","","0,38%"
"20/10/2023","15.870,0","15.847,5","15.889,0","15.825,0","","0,38%"
"19/10/2023","15.810,0","15.790,0","15.856,5","15.790,0","","0,54%"
"18/10/2023","15.725,0","15.730,0","15.737,5","15.716,0","","0,10%"
"17/10/2023","15.710,0","15.705,0","15.726,5","15.701,5","","-0,03%"
"16/10/2023","15.715,0","15.705,0","15.727,5","15.700,0","","0,22%"
"13/10/2023","15.680,0","15.735,0","15.740,0","15.682,5","","-0,03%"
"12/10/2023","15.685,0","15.695,0","15.708,0","15.690,0","","-0,03%"
"11/10/2023","15.690,0","15.727,5","15.737,5","15.689,0","","-0,25%"
"10/10/2023","15.730,0","15.677,5","15.742,5","15.667,5","","0,29%"
"09/10/2023","15.685,0","15.635,0","15.702,5","15.635,0","","0,51%"
"06/10/2023","15.605,0","15.620,0","15.636,5","15.610,0","","-0,03%"
"05/10/2023","15.610,0","15.585,0","15.621,5","15.575,0","","-0,10%"
"04/10/2023","15.625,0","15.620,0","15.646,5","15.612,5","","0,32%"
"03/10/2023","15.575,0","15.580,0","15.612,5","15.580,0","","0,32%"
"02/10/2023","15.525,0","15.492,5","15.541,0","15.492,5","","0,49%"
"29/09/2023","15.450,0","15.505,0","15.508,5","15.455,0","","-0,20%"
"28/09/2023","15.481,0","15.576,0","15.597,8","15.466,3","","-0,22%"
"27/09/2023","15.515,0","15.487,0","15.542,5","15.420,0","","0,19%"
"26/09/2023","15.485,0","15.430,0","15.505,0","15.427,5","","0,58%"
"25/09/2023","15.395,0","15.380,0","15.409,0","15.380,0","","0,16%"
"22/09/2023","15.370,0","15.385,0","15.394,0","15.369,0","","0,00%"
"21/09/2023","15.370,0","15.392,5","15.411,5","15.375,0","","-0,03%"
"20/09/2023","15.375,0","15.390,0","15.403,0","15.380,0","","0,00%"
"19/09/2023","15.375,0","15.382,5","15.393,5","15.369,5","","0,07%"
"18/09/2023","15.365,0","15.367,5","15.381,5","15.361,5","","0,10%"
"15/09/2023","15.350,0","15.390,0","15.392,5","15.351,0","","0,00%"
"14/09/2023","15.350,0","15.365,0","15.371,5","15.340,0","","-0,10%"
"13/09/2023","15.365,0","15.360,0","15.377,0","15.350,0","","0,20%"
"12/09/2023","15.335,0","15.340,0","15.354,5","15.330,0","","0,10%"
"11/09/2023","15.320,0","15.350,0","15.361,5","15.325,0","","0,00%"
"08/09/2023","15.320,0","15.330,0","15.347,5","15.325,0","","0,00%"
"07/09/2023","15.320,0","15.330,0","15.341,5","15.319,0","","0,20%"
"06/09/2023","15.290,0","15.310,0","15.321,5","15.215,0","","0,20%"
"05/09/2023","15.260,0","15.250,0","15.274,0","15.242,5","","0,16%"
"04/09/2023","15.235,0","15.242,5","15.254,0","15.234,0","","0,00%"
"01/09/2023","15.235,0","15.227,5","15.264,0","15.226,5","","0,07%"
"31/08/2023","15.225,0","15.222,5","15.244,0","15.222,5","","-0,07%"
"30/08/2023","15.235,0","15.220,0","15.295,0","15.215,0","","-0,13%"
"29/08/2023","15.255,0","15.277,5","15.282,5","15.250,0","","-0,20%"
"28/08/2023","15.285,0","15.295,0","15.301,5","15.285,0","","-0,03%"
"25/08/2023","15.290,0","15.275,0","15.307,0","15.274,0","","0,33%"
"24/08/2023","15.240,0","15.252,5","15.274,5","15.239,5","","-0,33%"
"23/08/2023","15.290,0","15.317,5","15.330,0","15.295,0","","-0,13%"
"22/08/2023","15.310,0","15.320,0","15.332,0","15.310,0","","-0,07%"
"21/08/2023","15.320,0","15.330,0","15.339,0","15.318,5","","0,26%"
"18/08/2023","15.280,0","15.310,0","15.319,5","15.285,0","","-0,53%"
"17/08/2023","15.361,8","15.368,5","15.391,0","15.329,0","","0,54%"
"16/08/2023","15.280,0","15.337,5","15.338,5","15.282,5","","-0,36%"
"15/08/2023","15.335,0","15.342,5","15.359,5","15.332,5","","0,16%"
"14/08/2023","15.310,0","15.297,5","15.338,5","15.287,5","","0,66%"
"11/08/2023","15.210,0","15.215,0","15.237,0","15.205,0","","0,20%"
"10/08/2023","15.180,0","15.210,0","15.217,5","15.185,0","","-0,07%"
"09/08/2023","15.190,0","15.210,0","15.222,5","15.189,5","","-0,16%"
"08/08/2023","15.215,0","15.222,5","15.237,5","15.217,0","","0,23%"
"07/08/2023","15.180,0","15.170,0","15.190,5","15.161,0","","0,10%"
"04/08/2023","15.165,0","15.147,5","15.182,5","15.145,0","","-0,10%"
"03/08/2023","15.180,0","15.185,0","15.210,0","15.182,5","","0,07%"
"02/08/2023","15.170,0","15.140,0","15.197,0","15.137,5","","0,40%"
"01/08/2023","15.110,0","15.112,5","15.122,5","15.018,5","","0,23%"
"31/07/2023","15.075,0","15.090,0","15.105,0","15.080,0","","-0,10%"
"28/07/2023","15.090,0","15.060,0","15.105,0","15.056,5","","0,63%"
"27/07/2023","14.995,0","15.015,0","15.022,5","14.985,0","","-0,13%"
"26/07/2023","15.015,0","15.030,0","15.042,5","15.015,0","","0,17%"
"25/07/2023","14.990,0","15.015,0","15.022,5","14.992,5","","-0,20%"
"24/07/2023","15.020,0","15.030,0","15.035,0","15.018,0","","0,00%"
"21/07/2023","15.020,0","15.012,5","15.033,5","15.010,0","","0,23%"
"20/07/2023","14.985,0","14.987,5","15.007,5","14.977,5","","-0,09%"
"19/07/2023","14.999,0","14.990,5","15.029,3","14.981,0","","0,06%"
"18/07/2023","14.990,0","14.990,0","15.000,0","14.985,0","","-0,07%"
"17/07/2023","15.000,0","14.995,0","15.013,5","14.991,5","","0,30%"
"14/07/2023","14.955,0","14.950,0","14.965,5","14.913,0","","-0,07%"
"13/07/2023","14.965,0","14.955,0","14.997,0","14.945,0","","-0,73%"
"12/07/2023","15.075,0","15.130,0","15.132,5","15.055,0","","-0,40%"
"11/07/2023","15.135,0","15.195,0","15.195,0","15.132,5","","-0,36%"
"10/07/2023","15.190,0","15.150,0","15.222,0","15.140,0","","0,40%"
"07/07/2023","15.130,0","15.125,0","15.147,5","15.110,0","","0,60%"
"06/07/2023","15.040,0","15.062,5","15.074,5","15.043,5","","0,20%"
"05/07/2023","15.010,0","15.010,0","15.027,5","14.999,5","","0,13%"
"04/07/2023","14.990,0","15.040,0","15.044,5","14.986,0","","-0,20%"
"03/07/2023","15.020,0","15.005,0","15.041,0","15.005,0","","-0,14%"
"30/06/2023","15.040,4","15.070,5","15.085,0","15.020,8","","-0,20%"
"29/06/2023","15.071,0","14.993,0","15.080,3","14.985,7","","0,55%"
"28/06/2023","14.987,9","14.988,0","15.022,6","14.971,0","","-0,01%"
"27/06/2023","14.990,0","14.995,0","15.011,5","14.987,5","","-0,13%"
"26/06/2023","15.010,0","15.005,0","15.042,5","15.005,0","","0,13%"
"23/06/2023","14.990,0","14.965,0","15.007,0","14.965,0","","0,37%"
"22/06/2023","14.935,0","14.932,5","14.975,0","14.890,0","","-0,03%"
"21/06/2023","14.940,0","15.037,5","15.042,5","14.910,0","","-0,37%"
"20/06/2023","14.995,0","15.022,5","15.052,5","15.000,0","","0,03%"
"19/06/2023","14.990,0","14.977,5","14.999,0","14.965,0","","0,40%"
"16/06/2023","14.930,0","14.927,5","14.952,5","14.920,0","","-0,07%"
"15/06/2023","14.940,0","14.915,0","14.962,5","14.915,0","","0,30%"
"14/06/2023","14.895,0","14.877,5","14.920,0","14.868,0","","0,27%"
"13/06/2023","14.855,0","14.875,0","14.880,0","14.855,0","","-0,03%"
"12/06/2023","14.860,0","14.897,5","14.904,5","14.855,0","","0,17%"
"09/06/2023","14.835,0","14.845,0","14.914,5","14.835,0","","-0,37%"
"08/06/2023","14.890,0","14.902,5","14.915,0","14.884,0","","0,10%"
"07/06/2023","14.875,0","14.857,5","14.889,0","14.852,5","","0,13%"
"06/06/2023","14.855,0","14.860,0","14.870,0","14.819,5","","-0,20%"
"05/06/2023","14.885,0","14.895,0","14.912,0","14.870,0","","-0,11%"
"02/06/2023","14.902,0","14.914,0","14.920,0","14.785,0","","-0,08%"
"01/06/2023","14.914,0","14.991,3","14.994,0","14.899,5","","-0,47%"
"31/05/2023","14.985,0","15.010,0","15.018,5","14.987,5","","0,03%"
"30/05/2023","14.980,0","14.945,0","14.994,5","14.940,0","","0,10%"
"29/05/2023","14.965,0","14.965,0","14.981,0","14.956,0","","0,10%"
"26/05/2023","14.950,0","14.962,5","14.972,0","14.940,0","","0,03%"
"25/05/2023","14.945,0","14.960,0","14.964,0","14.933,0","","0,34%"
"24/05/2023","14.895,0","14.897,5","14.920,0","14.887,5","","0,13%"
"23/05/2023","14.875,0","14.890,0","14.907,5","14.852,5","","-0,07%"
"22/05/2023","14.885,0","14.905,0","14.916,5","14.885,0","","-0,23%"
"19/05/2023","14.920,0","14.907,5","14.967,0","14.903,5","","-0,02%"
"18/05/2023","14.923,0","14.876,0","14.924,0","14.845,0","","0,42%"
"17/05/2023","14.860,0","14.867,5","14.890,0","14.855,0","","0,30%"
"16/05/2023","14.815,0","14.785,0","14.834,5","14.780,0","","0,14%"
"15/05/2023","14.795,0","14.790,0","14.824,5","14.790,0","","0,34%"
"12/05/2023","14.745,0","14.765,0","14.772,0","14.735,0","","0,17%"
"11/05/2023","14.720,0","14.710,0","14.745,0","14.696,0","","0,00%"
"10/05/2023","14.720,0","14.752,5","14.760,0","14.725,0","","-0,03%"
"09/05/2023","14.725,0","14.750,0","14.772,5","14.730,0","","0,20%"
"08/05/2023","14.695,0","14.670,0","14.721,5","14.665,0","","0,17%"
"05/05/2023","14.670,0","14.680,0","14.691,5","14.650,0","","-0,03%"
"04/05/2023","14.675,0","14.615,0","14.690,0","14.565,0","","-0,03%"
"03/05/2023","14.680,0","14.707,5","14.722,5","14.684,0","","-0,14%"
"02/05/2023","14.700,0","14.645,0","14.712,5","14.645,0","","0,24%"
"28/04/2023","14.665,0","14.675,0","14.691,0","14.627,5","","-0,24%"
"27/04/2023","14.700,0","14.830,0","14.832,5","14.690,0","","-0,88%"
"26/04/2023","14.830,0","14.895,0","14.935,0","14.820,0","","-0,07%"
"18/04/2023","14.840,0","14.815,0","14.867,5","14.810,0","","0,37%"
"17/04/2023","14.785,0","14.755,0","14.794,0","14.741,0","","0,61%"
"14/04/2023","14.695,0","14.695,0","14.705,0","14.645,0","","-0,37%"
"13/04/2023","14.750,0","14.840,0","14.847,5","14.744,5","","-0,84%"
"12/04/2023","14.875,0","14.887,5","14.907,5","14.837,5","","-0,04%"
"11/04/2023","14.881,0","14.935,0","14.935,0","14.870,0","","-0,12%"
"10/04/2023","14.899,0","14.910,0","14.937,5","14.888,5","","-0,07%"
"06/04/2023","14.910,0","14.965,0","14.972,5","14.912,5","","-0,07%"
"05/04/2023","14.920,0","14.922,5","14.952,5","14.900,0","","0,17%"
"04/04/2023","14.895,0","14.955,0","14.955,0","14.880,0","","-0,47%"
"03/04/2023","14.965,0","15.000,0","15.012,5","14.968,0","","-0,17%"
"31/03/2023","14.990,0","14.980,0","14.995,0","14.950,0","","-0,37%"
"30/03/2023","15.045,0","15.075,0","15.087,5","15.044,0","","-0,10%"
"29/03/2023","15.060,0","15.075,0","15.107,5","15.062,5","","-0,17%"
"28/03/2023","15.085,0","15.120,0","15.125,0","15.065,0","","-0,46%"
"27/03/2023","15.155,0","15.190,0","15.192,5","15.156,0","","0,03%"
"24/03/2023","15.150,0","15.165,0","15.207,5","15.145,0","","-1,24%"
"21/03/2023","15.340,0","15.345,0","15.360,0","15.334,0","","-0,10%"
"20/03/2023","15.355,0","15.365,0","15.380,0","15.355,0","","0,10%"
"17/03/2023","15.340,0","15.387,5","15.392,5","15.345,0","","-0,23%"
"16/03/2023","15.375,0","15.420,0","15.455,0","15.376,0","","0,10%"
"15/03/2023","15.360,0","15.370,0","15.380,0","15.335,0","","-0,13%"
"14/03/2023","15.380,0","15.385,0","15.405,0","15.361,5","","0,13%"
"13/03/2023","15.360,0","15.445,0","15.452,5","15.357,5","","-0,55%"
"10/03/2023","15.445,0","15.475,0","15.480,0","15.450,0","","0,16%"
"09/03/2023","15.420,0","15.445,0","15.457,5","15.422,5","","-0,06%"
"08/03/2023","15.430,0","15.425,0","15.467,5","15.389,5","","0,55%"
"07/03/2023","15.345,0","15.350,0","15.367,5","15.330,0","","0,36%"
"06/03/2023","15.290,0","15.315,0","15.320,0","15.285,0","","-0,03%"
"03/03/2023","15.295,0","15.300,0","15.321,5","15.282,5","","0,13%"
"02/03/2023","15.275,0","15.265,0","15.286,0","15.249,0","","0,30%"
"01/03/2023","15.230,0","15.240,0","15.265,0","15.228,5","","-0,10%"
"28/02/2023","15.245,0","15.230,0","15.295,0","15.225,0","","-0,13%"
"27/02/2023","15.265,0","15.260,0","15.287,5","15.245,0","","0,30%"
"24/02/2023","15.220,0","15.205,0","15.225,0","15.193,0","","0,23%"
"23/02/2023","15.185,0","15.175,0","15.196,0","15.164,0","","-0,10%"
"22/02/2023","15.200,0","15.210,0","15.229,0","15.201,5","","0,10%"
"21/02/2023","15.185,0","15.162,5","15.193,5","15.160,0","","0,20%"
"20/02/2023","15.155,0","15.197,5","15.200,0","15.154,5","","-0,30%"
"17/02/2023","15.200,0","15.177,5","15.217,5","15.172,0","","0,31%"
"16/02/2023","15.153,0","15.210,0","15.210,0","15.150,0","","-0,31%"
"15/02/2023","15.200,0","15.167,5","15.207,5","15.157,0","","0,30%"
"14/02/2023","15.155,0","15.175,0","15.197,5","15.151,5","","-0,23%"
"13/02/2023","15.190,0","15.170,0","15.227,5","15.170,0","","0,40%"
"10/02/2023","15.130,0","15.117,5","15.147,5","15.114,0","","0,27%"
"09/02/2023","15.090,0","15.115,0","15.130,0","15.094,5","","-0,03%"
"08/02/2023","15.095,0","15.145,0","15.152,5","15.098,5","","-0,30%"
"07/02/2023","15.140,0","15.142,5","15.153,0","15.121,5","","0,60%"
"06/02/2023","15.050,0","15.005,0","15.072,5","15.005,0","","1,07%"
"03/02/2023","14.890,0","14.905,0","14.922,5","14.876,5","","0,10%"
"02/02/2023","14.875,0","14.875,0","14.887,5","14.835,0","","-0,63%"
"01/02/2023","14.970,0","15.000,0","15.007,5","14.966,0","","-0,10%"
"31/01/2023","14.985,0","15.000,0","15.005,0","14.971,5","","0,13%"
"30/01/2023","14.965,0","14.972,5","14.989,0","14.954,5","","-0,10%"
"27/01/2023","14.980,0","14.970,0","14.996,0","14.953,5","","0,23%"
"26/01/2023","14.945,0","14.965,0","14.987,5","14.920,0","","-0,10%"
"25/01/2023","14.960,0","14.925,0","14.975,0","14.915,0","","0,50%"
"24/01/2023","14.885,0","15.035,0","15.045,0","14.884,0","","-1,23%"
"20/01/2023","15.070,0","15.120,0","15.155,0","15.075,0","","-0,20%"
"19/01/2023","15.100,0","15.135,0","15.145,0","15.089,0","","0,10%"
"18/01/2023","15.085,0","15.200,0","15.207,5","15.070,0","","-0,49%"
"17/01/2023","15.160,0","15.125,0","15.180,0","15.027,5","","0,80%"
"16/01/2023","15.040,0","15.080,0","15.080,0","14.981,5","","-0,66%"
"13/01/2023","15.140,0","15.210,0","15.237,5","15.135,5","","-1,28%"
"12/01/2023","15.336,0","15.470,0","15.470,0","15.290,0","","-0,93%"
"11/01/2023","15.480,0","15.565,0","15.575,0","15.470,0","0,26K","-0,58%"
"10/01/2023","15.570,0","15.574,0","15.598,5","15.547,5","0,15K","0,03%"
"09/01/2023","15.565,0","15.580,0","15.590,0","15.555,0","0,16K","-0,42%"
"06/01/2023","15.630,0","15.635,0","15.643,0","15.603,5","0,16K","0,16%"
"05/01/2023","15.605,0","15.580,0","15.622,5","15.565,0","0,18K","0,13%"
"04/01/2023","15.585,0","15.612,5","15.633,0","15.580,0","0,19K","-0,06%"
"03/01/2023","15.595,0","15.595,0","15.612,5","15.550,0","0,17K","0,16%"
"02/01/2023","15.570,0","15.490,0","15.583,5","15.490,0","0,12K","0,03%"
"30/12/2022","15.565,0","15.637,5","15.655,0","15.545,0","0,14K","-0,57%"
"29/12/2022","15.655,0","15.745,0","15.765,0","15.657,5","0,14K","-0,29%"
"28/12/2022","15.700,0","15.657,5","15.722,5","15.657,5","0,09K","0,26%"
"27/12/2022","15.660,0","15.622,5","15.672,5","15.592,5","0,08K","0,19%"
"26/12/2022","15.630,0","15.592,5","15.647,5","15.592,5","0,11K","0,26%"
"23/12/2022","15.590,0","15.582,5","15.612,5","15.582,5","0,07K","0,06%"
"22/12/2022","15.580,0","15.577,5","15.607,5","15.565,0","0,11K","-0,03%"
"21/12/2022","15.585,0","15.592,5","15.612,5","15.582,5","0,09K","-0,10%"
"20/12/2022","15.600,0","15.585,0","15.630,0","15.575,0","0,14K","0,03%"
"19/12/2022","15.595,0","15.615,0","15.631,0","15.597,5","0,11K","0,00%"
"16/12/2022","15.595,0","15.622,5","15.642,0","15.570,0","0,17K","-0,13%"
"15/12/2022","15.615,0","15.607,5","15.642,5","15.582,5","0,17K","0,16%"
"14/12/2022","15.590,0","15.557,5","15.647,5","15.555,0","0,17K","-0,42%"
"13/12/2022","15.655,0","15.655,0","15.673,5","15.636,5","0,16K","0,19%"
"12/12/2022","15.625,0","15.592,5","15.652,5","15.587,5","0,09K","0,28%"
"09/12/2022","15.582,0","15.575,0","15.597,5","15.564,5","0,17K","-0,24%"
"08/12/2022","15.620,0","15.615,0","15.636,5","15.585,0","0,12K","-0,10%"
"07/12/2022","15.635,0","15.615,0","15.644,5","15.587,5","0,11K","0,13%"
"06/12/2022","15.615,0","15.510,0","15.629,0","15.480,0","0,17K","0,97%"
"05/12/2022","15.465,0","15.375,0","15.475,0","15.365,0","0,14K","0,26%"
"02/12/2022","15.425,0","15.450,0","15.470,0","15.405,0","0,15K","-0,87%"
"01/12/2022","15.560,0","15.622,5","15.642,5","15.545,0","0,14K","-1,08%"
"30/11/2022","15.730,0","15.735,0","15.749,0","15.725,0","0,20K","-0,06%"
"29/11/2022","15.740,0","15.722,5","15.748,0","15.707,0","0,14K","0,13%"
"28/11/2022","15.720,0","15.692,5","15.737,5","15.685,0","0,17K","0,32%"
"25/11/2022","15.670,0","15.645,0","15.681,0","15.632,5","0,15K","0,04%"
"24/11/2022","15.663,0","15.640,0","15.667,5","15.635,0","0,18K","-0,14%"
"23/11/2022","15.685,0","15.692,5","15.709,5","15.684,0","0,14K","-0,06%"
"22/11/2022","15.695,0","15.710,0","15.727,5","15.694,5","0,16K","-0,10%"
"21/11/2022","15.710,0","15.690,0","15.717,5","15.682,5","0,11K","0,16%"
"18/11/2022","15.685,0","15.670,0","15.697,5","15.670,0","0,14K","0,16%"
"17/11/2022","15.660,0","15.660,0","15.705,0","15.642,5","0,19K","0,38%"
"16/11/2022","15.600,0","15.570,0","15.628,5","15.565,0","0,19K","0,42%"
"15/11/2022","15.535,0","15.530,0","15.622,5","15.525,0","0,19K","0,13%"
"14/11/2022","15.515,0","15.465,0","15.527,5","15.462,5","0,13K","0,16%"
"11/11/2022","15.490,0","15.560,0","15.565,0","15.392,5","0,15K","-1,27%"
"10/11/2022","15.690,0","15.677,5","15.712,5","15.677,5","0,13K","0,20%"
"09/11/2022","15.658,0","15.662,5","15.672,5","15.632,5","0,16K","-0,24%"
"08/11/2022","15.695,0","15.670,0","15.702,5","15.667,5","0,13K","-0,06%"
"07/11/2022","15.705,0","15.662,5","15.710,0","15.660,0","0,12K","-0,19%"
"04/11/2022","15.735,0","15.750,0","15.760,0","15.715,0","0,18K","0,25%"
"03/11/2022","15.695,0","15.655,0","15.698,5","15.645,0","0,15K","0,32%"
"02/11/2022","15.645,0","15.660,5","15.671,5","15.630,0","0,17K","0,13%"
"01/11/2022","15.625,0","15.630,0","15.661,5","15.553,5","0,15K","0,19%"
"31/10/2022","15.595,0","15.577,5","15.612,5","15.562,5","0,15K","0,30%"
"28/10/2022","15.548,0","15.567,5","15.567,5","15.520,0","0,12K","-0,11%"
"27/10/2022","15.565,0","15.550,0","15.627,5","15.535,0","0,16K","-0,03%"
"26/10/2022","15.569,0","15.600,0","15.619,0","15.560,0","0,17K","-0,33%"
"25/10/2022","15.620,0","15.590,0","15.623,0","15.590,0","0,14K","0,22%"
"24/10/2022","15.585,0","15.575,0","15.607,5","15.562,5","0,18K","-0,29%"
"21/10/2022","15.630,0","15.580,0","15.635,5","15.577,5","0,21K","0,39%"
"20/10/2022","15.570,0","15.545,0","15.587,5","15.476,5","0,23K","0,48%"
"19/10/2022","15.495,0","15.475,0","15.503,0","15.465,0","0,16K","0,19%"
"18/10/2022","15.465,0","15.470,0","15.485,0","15.447,5","0,19K","-0,13%"
"17/10/2022","15.485,0","15.467,5","15.496,5","15.459,5","0,17K","0,39%"
"14/10/2022","15.425,0","15.365,0","15.426,5","15.362,5","0,17K","0,42%"
"13/10/2022","15.360,0","15.352,5","15.367,5","15.342,0","0,15K","0,03%"
"12/10/2022","15.355,0","15.364,0","15.390,0","15.355,5","0,19K","0,00%"
"11/10/2022","15.355,0","15.330,0","15.372,5","15.330,0","0,18K","0,29%"
"10/10/2022","15.310,0","15.275,0","15.315,0","15.270,0","0,21K","0,39%"
"07/10/2022","15.250,0","15.222,5","15.262,5","15.220,5","0,21K","0,43%"
"06/10/2022","15.185,0","15.205,0","15.211,0","15.183,5","0,19K","-0,03%"
"05/10/2022","15.190,0","15.182,5","15.220,0","15.156,5","0,25K","-0,36%"
"04/10/2022","15.245,0","15.282,5","15.312,5","15.237,5","0,15K","-0,36%"
"03/10/2022","15.300,0","15.245,0","15.307,5","15.245,0","0,14K","0,49%"
"30/09/2022","15.225,0","15.190,0","15.247,5","15.180,0","0,18K","-0,23%"
"29/09/2022","15.260,0","15.220,0","15.280,0","15.212,5","0,21K","0,00%"
"28/09/2022","15.260,0","15.160,0","15.276,5","15.160,0","0,15K","0,93%"
"27/09/2022","15.120,0","15.135,0","15.172,0","15.122,5","0,18K","-0,03%"
"26/09/2022","15.125,0","15.060,0","15.132,5","15.060,0","0,12K","0,60%"
"23/09/2022","15.035,0","15.010,0","15.043,5","15.010,0","0,11K","0,13%"
"22/09/2022","15.015,0","15.007,5","15.042,5","15.007,5","0,14K","0,13%"
"21/09/2022","14.995,0","15.017,5","15.024,0","14.997,5","0,18K","0,10%"
"20/09/2022","14.980,0","14.980,0","14.990,0","14.964,0","0,19K","0,03%"
"19/09/2022","14.975,0","14.970,0","14.989,0","14.960,0","0,18K","0,17%"
"16/09/2022","14.950,0","14.930,0","14.962,5","14.921,5","0,21K","0,37%"
"15/09/2022","14.895,0","14.910,0","14.912,5","14.877,5","0,18K","-0,07%"
"14/09/2022","14.905,0","14.935,0","14.944,0","14.874,0","0,27K","0,37%"
"13/09/2022","14.850,0","14.852,5","14.876,0","14.846,0","0,21K","0,07%"
"12/09/2022","14.840,0","14.822,5","14.846,5","14.815,0","0,17K","0,08%"
"09/09/2022","14.828,0","14.875,0","14.885,0","14.817,5","0,19K","-0,45%"
"08/09/2022","14.895,0","14.897,5","14.915,0","14.893,5","0,16K","-0,13%"
"07/09/2022","14.915,0","14.912,5","14.936,5","14.825,0","0,20K","0,20%"
"06/09/2022","14.885,0","14.887,5","14.897,5","14.869,5","0,17K","-0,10%"
"05/09/2022","14.900,0","14.885,0","14.932,5","14.885,0","0,18K","0,03%"
"02/09/2022","14.895,0","14.897,5","14.907,5","14.872,5","0,14K","0,10%"
"01/09/2022","14.880,0","14.865,0","14.892,5","14.865,0","0,14K","0,27%"
"31/08/2022","14.840,0","14.847,5","14.862,5","14.837,5","0,16K","0,00%"
"30/08/2022","14.840,0","14.887,5","14.896,0","14.840,0","0,17K","-0,37%"
"29/08/2022","14.895,0","14.865,0","14.902,5","14.840,0","0,13K","0,54%"
"26/08/2022","14.815,0","14.797,5","14.829,0","14.797,0","0,17K","-0,03%"
"25/08/2022","14.820,0","14.827,5","14.837,5","14.815,0","0,15K","-0,17%"
"24/08/2022","14.845,0","14.847,5","14.872,5","14.822,0","0,15K","0,07%"
"23/08/2022","14.835,0","14.897,5","14.921,5","14.825,0","0,13K","-0,34%"
"22/08/2022","14.885,0","14.875,0","14.895,0","14.860,0","0,13K","0,34%"
"19/08/2022","14.835,0","14.860,0","14.875,0","14.837,5","0,17K","0,03%"
"18/08/2022","14.830,0","14.777,5","14.844,0","14.777,5","0,16K","0,44%"
"16/08/2022","14.765,0","14.775,0","14.782,5","14.751,5","0,15K","0,17%"
"15/08/2022","14.740,0","14.685,0","14.744,0","14.685,0","0,16K","0,51%"
"12/08/2022","14.665,0","14.745,0","14.755,0","14.659,0","0,14K","-0,68%"
"11/08/2022","14.765,0","14.815,0","14.869,5","14.760,0","0,18K","-0,71%"
"10/08/2022","14.870,0","14.867,5","14.880,5","14.865,0","0,12K","0,13%"
"09/08/2022","14.850,0","14.865,0","14.876,0","14.847,5","0,22K","-0,17%"
"08/08/2022","14.875,0","14.922,5","14.940,0","14.877,5","0,17K","-0,10%"
"05/08/2022","14.890,0","14.885,0","14.920,0","14.877,5","0,14K","-0,27%"
"04/08/2022","14.930,0","14.910,0","14.939,0","14.897,5","0,16K","0,13%"
"03/08/2022","14.910,0","14.910,0","14.925,0","14.890,0","0,17K","0,13%"
"02/08/2022","14.890,0","14.865,0","14.992,5","14.862,5","0,19K","0,13%"
"01/08/2022","14.870,0","14.850,0","14.887,5","14.847,0","0,13K","0,27%"
"29/07/2022","14.830,0","14.855,0","14.887,5","14.830,0","0,16K","-0,67%"
"28/07/2022","14.930,0","14.937,5","14.977,5","14.917,5","0,18K","-0,53%"
"27/07/2022","15.010,0","14.997,0","15.025,0","14.919,0","0,15K","0,10%"
"26/07/2022","14.995,0","14.957,5","15.002,5","14.940,0","0,10K","0,00%"
"25/07/2022","14.995,0","15.000,0","15.010,0","14.967,5","0,12K","-0,13%"
"22/07/2022","15.015,0","15.030,0","15.037,5","15.007,5","0,14K","-0,10%"
"21/07/2022","15.030,0","14.990,0","15.036,5","14.990,0","0,19K","0,30%"
"20/07/2022","14.985,0","14.977,5","14.992,0","14.970,0","0,10K","0,07%"
"19/07/2022","14.975,0","14.982,5","14.996,5","14.977,0","0,14K","-0,05%"
"18/07/2022","14.982,0","14.974,5","14.995,0","14.950,0","0,15K","-0,05%"
"15/07/2022","14.990,0","14.994,5","14.998,0","14.977,5","0,08K","0,00%"
"14/07/2022","14.990,0","14.994,5","14.998,0","14.986,5","0,14K","0,03%"
"13/07/2022","14.985,0","14.975,0","14.996,5","14.966,5","0,13K","0,00%"
"12/07/2022","14.985,0","14.982,5","14.996,0","14.976,0","0,14K","0,10%"
"11/07/2022","14.970,0","14.982,5","14.982,5","14.951,5","0,14K","-0,03%"
"08/07/2022","14.975,0","14.985,0","14.988,5","14.957,5","0,20K","-0,13%"
"07/07/2022","14.995,0","14.982,5","14.996,0","14.965,0","0,19K","0,00%"
"06/07/2022","14.995,0","15.017,5","15.032,5","14.988,0","0,17K","0,07%"
"05/07/2022","14.985,0","14.975,0","14.995,0","14.962,5","0,15K","0,13%"
"04/07/2022","14.965,0","14.945,0","14.971,5","14.927,0","0,14K","0,20%"
"01/07/2022","14.935,0","14.925,0","14.972,5","14.862,5","0,15K","0,27%"
"30/06/2022","14.895,0","14.860,0","14.897,5","14.830,0","0,19K","0,31%"
"29/06/2022","14.849,0","14.850,0","14.856,0","14.820,0","0,16K","0,09%"
"28/06/2022","14.835,0","14.827,5","14.847,5","14.800,0","0,17K","0,24%"
"27/06/2022","14.800,0","14.810,0","14.820,0","14.787,5","0,11K","-0,30%"
"24/06/2022","14.845,0","14.844,0","14.852,5","14.827,5","0,16K","0,07%"
"23/06/2022","14.835,0","14.840,0","14.847,5","14.812,5","0,17K","-0,20%"
"22/06/2022","14.865,0","14.820,0","14.873,5","14.814,0","0,19K","0,37%"
"21/06/2022","14.810,0","14.820,0","14.832,5","14.767,5","0,21K","-0,13%"
"20/06/2022","14.830,0","14.840,0","14.851,5","14.815,0","0,15K","0,06%"
"17/06/2022","14.821,0","14.835,0","14.841,5","14.727,5","0,21K","0,38%"
"16/06/2022","14.765,0","14.727,5","14.770,0","14.705,0","0,17K","0,17%"
"15/06/2022","14.740,0","14.707,5","14.759,0","14.697,5","0,22K","0,31%"
"14/06/2022","14.695,0","14.740,0","14.771,0","14.685,0","0,20K","0,12%"
"13/06/2022","14.678,0","14.660,0","14.686,5","14.642,5","0,17K","0,88%"
"10/06/2022","14.550,0","14.580,0","14.587,5","14.544,0","0,15K","-0,07%"
"09/06/2022","14.560,0","14.512,5","14.568,5","14.512,5","0,16K","0,48%"
"08/06/2022","14.490,0","14.465,0","14.497,5","14.456,5","0,12K","0,25%"
"07/06/2022","14.454,0","14.462,5","14.472,5","14.454,5","0,18K","0,03%"
"06/06/2022","14.450,0","14.455,0","14.470,0","14.449,0","0,16K","0,10%"
"03/06/2022","14.435,0","14.435,0","14.452,5","14.420,0","0,11K","-0,31%"
"02/06/2022","14.480,0","14.572,5","14.585,0","14.478,5","0,16K","-0,69%"
"31/05/2022","14.580,0","14.569,0","14.602,0","14.555,0","0,18K","0,16%"
"30/05/2022","14.557,0","14.532,5","14.558,5","14.520,0","0,13K","-0,12%"
"27/05/2022","14.575,0","14.605,0","14.607,5","14.557,5","0,13K","-0,38%"
"25/05/2022","14.630,0","14.645,0","14.663,5","14.627,5","0,16K","-0,17%"
"24/05/2022","14.655,0","14.662,5","14.670,0","14.642,0","0,15K","-0,10%"
"23/05/2022","14.670,0","14.645,0","14.677,5","14.637,5","0,11K","0,14%"
"20/05/2022","14.650,0","14.625,0","14.677,5","14.624,5","0,13K","-0,54%"
"19/05/2022","14.730,0","14.671,5","14.738,0","14.671,5","0,14K","0,31%"
"18/05/2022","14.685,0","14.640,0","14.692,5","14.640,0","0,15K","0,27%"
"17/05/2022","14.645,0","14.617,5","14.669,0","14.615,0","0,18K","0,24%"
"13/05/2022","14.610,0","14.610,0","14.627,5","14.594,5","0,12K","0,10%"
"12/05/2022","14.595,0","14.540,0","14.602,5","14.537,5","0,12K","0,27%"
"11/05/2022","14.555,0","14.530,0","14.561,0","14.524,0","0,09K","0,00%"
"10/05/2022","14.555,0","14.565,0","14.570,0","14.531,0","0,11K","0,00%"
"09/05/2022","14.555,0","14.510,0","14.562,5","14.502,5","0,11K","0,41%"
"28/04/2022","14.495,0","14.450,0","14.502,5","14.442,5","0,16K","0,52%"
"27/04/2022","14.420,0","14.420,0","14.435,0","14.404,5","0,11K","0,07%"
"26/04/2022","14.410,0","14.447,5","14.450,0","14.393,0","0,12K","-0,31%"
"25/04/2022","14.455,0","14.460,0","14.477,5","14.422,5","0,17K","0,69%"
"22/04/2022","14.356,0","14.360,0","14.367,5","14.352,5","0,16K","0,09%"
"21/04/2022","14.343,0","14.347,5","14.355,5","14.339,0","0,14K","-0,08%"
"20/04/2022","14.355,0","14.355,0","14.365,0","14.342,5","0,14K","0,14%"
"19/04/2022","14.335,0","14.357,5","14.360,0","14.328,0","0,14K","-0,13%"
"18/04/2022","14.353,0","14.366,5","14.366,5","14.349,5","0,08K","0,07%"
"14/04/2022","14.343,0","14.356,5","14.360,0","14.342,0","0,11K","-0,13%"
"13/04/2022","14.362,0","14.355,0","14.370,0","14.353,5","0,10K","0,01%"
"12/04/2022","14.360,0","14.365,0","14.367,5","14.357,5","0,11K","-0,03%"
"11/04/2022","14.365,0","14.375,0","14.380,0","14.362,5","0,10K","0,03%"
"08/04/2022","14.360,0","14.375,0","14.386,0","14.355,0","0,12K","0,01%"
"07/04/2022","14.358,0","14.362,5","14.368,5","14.351,0","0,12K","0,02%"
"06/04/2022","14.355,0","14.365,0","14.376,5","14.353,0","0,12K","0,07%"
"05/04/2022","14.345,0","14.340,0","14.353,5","14.337,5","0,11K","-0,06%"
"04/04/2022","14.353,0","14.365,0","14.372,5","14.351,0","0,08K","-0,08%"
"01/04/2022","14.365,0","14.360,0","14.370,0","14.352,5","0,07K","-0,02%"
"31/03/2022","14.368,0","14.340,0","14.369,0","14.334,5","0,09K","0,20%"
"30/03/2022","14.340,0","14.340,0","14.358,5","14.332,5","0,08K","-0,16%"
"29/03/2022","14.363,0","14.367,5","14.371,0","14.352,5","0,12K","0,01%"
"28/03/2022","14.362,0","14.345,0","14.366,5","14.344,0","0,09K","0,15%"
"25/03/2022","14.340,0","14.340,0","14.347,5","14.332,5","0,10K","-0,03%"
"24/03/2022","14.344,0","14.380,0","14.380,0","14.348,5","0,12K","-0,01%"
"23/03/2022","14.345,0","14.337,5","14.361,5","14.334,5","0,10K","-0,08%"
"22/03/2022","14.356,0","14.350,0","14.371,0","14.346,5","0,10K","0,13%"
"21/03/2022","14.338,0","14.345,0","14.347,5","14.330,5","0,13K","-0,01%"
"18/03/2022","14.340,0","14.312,5","14.347,5","14.312,5","0,09K","0,28%"
"17/03/2022","14.300,0","14.290,0","14.305,0","14.260,0","0,08K","-0,07%"
"16/03/2022","14.310,0","14.300,0","14.322,5","14.292,5","0,10K","-0,10%"
"15/03/2022","14.325,0","14.342,5","14.347,5","14.295,0","0,17K","-0,03%"
"14/03/2022","14.330,0","14.312,5","14.342,5","14.307,5","0,11K","0,21%"
"11/03/2022","14.300,0","14.290,0","14.317,5","14.281,0","0,12K","0,18%"
"10/03/2022","14.275,0","14.295,0","14.320,0","14.260,0","0,12K","-0,49%"
"09/03/2022","14.345,0","14.350,0","14.386,0","14.344,0","0,12K","-0,35%"
"08/03/2022","14.395,0","14.392,5","14.405,0","14.382,0","0,11K","-0,07%"
"07/03/2022","14.405,0","14.415,0","14.420,0","14.401,0","0,12K","0,14%"
"04/03/2022","14.385,0","14.385,0","14.395,0","14.371,5","0,09K","0,00%"
"02/03/2022","14.385,0","14.357,5","14.390,0","14.337,0","0,12K","0,35%"
"01/03/2022","14.335,0","14.355,0","14.370,0","14.333,5","0,11K","-0,21%"
"25/02/2022","14.365,0","14.377,5","14.382,5","14.359,0","0,12K","-0,10%"
"24/02/2022","14.380,0","14.357,5","14.390,0","14.332,5","0,13K","0,31%"
"23/02/2022","14.335,0","14.350,0","14.365,0","14.337,5","0,13K","-0,18%"
"22/02/2022","14.361,0","14.345,0","14.372,5","14.332,0","0,20K","0,25%"
"21/02/2022","14.325,0","14.360,0","14.360,0","14.316,0","0,13K","0,00%"
"18/02/2022","14.325,0","14.327,5","14.355,0","14.318,5","0,17K","0,07%"
"17/02/2022","14.315,0","14.252,5","14.325,0","14.250,0","0,22K","0,42%"
"16/02/2022","14.255,0","14.277,5","14.297,5","14.249,0","0,17K","-0,31%"
"15/02/2022","14.300,0","14.315,0","14.315,0","14.271,5","0,13K","-0,17%"
"14/02/2022","14.325,0","14.350,0","14.355,0","14.321,0","0,10K","-0,17%"
"11/02/2022","14.350,0","14.347,5","14.367,5","14.346,5","0,15K","0,07%"
"10/02/2022","14.340,0","14.350,0","14.352,0","14.330,0","0,08K","-0,10%"
"09/02/2022","14.355,0","14.375,0","14.380,0","14.357,5","0,08K","-0,24%"
"08/02/2022","14.390,0","14.387,5","14.396,0","14.375,0","0,10K","-0,03%"
"07/02/2022","14.395,0","14.387,5","14.409,0","14.377,5","0,07K","0,12%"
"04/02/2022","14.378,0","14.375,0","14.381,5","14.365,0","0,08K","0,02%"
"03/02/2022","14.375,0","14.365,0","14.390,0","14.357,5","0,11K","0,14%"
"02/02/2022","14.355,0","14.315,0","14.362,5","14.315,0","0,18K","-0,17%"
"31/01/2022","14.380,0","14.405,0","14.412,5","14.365,0","0,12K","-0,03%"
"28/01/2022","14.385,0","14.375,0","14.395,0","14.357,5","0,17K","0,00%"
"27/01/2022","14.385,0","14.380,0","14.395,0","14.363,5","0,13K","0,24%"
"26/01/2022","14.350,0","14.317,5","14.357,5","14.317,5","0,12K","0,00%"
"25/01/2022","14.350,0","14.350,0","14.363,5","14.345,5","0,16K","0,07%"
"24/01/2022","14.340,0","14.315,0","14.353,0","14.304,5","0,12K","0,03%"
"21/01/2022","14.335,0","14.355,0","14.362,5","14.335,0","0,16K","0,00%"
"20/01/2022","14.335,0","14.335,0","14.365,0","14.330,0","0,17K","-0,17%"
"19/01/2022","14.360,0","14.357,5","14.377,5","14.334,5","0,15K","0,17%"
"18/01/2022","14.335,0","14.306,5","14.346,0","14.299,0","0,18K","0,14%"
"17/01/2022","14.315,0","14.312,5","14.330,0","14.296,5","0,11K","0,14%"
"14/01/2022","14.295,0","14.305,0","14.319,5","14.293,0","0,15K","0,03%"
"13/01/2022","14.290,0","14.315,0","14.322,0","14.292,0","0,20K","-0,17%"
"12/01/2022","14.315,0","14.295,0","14.322,5","14.284,0","0,24K","0,10%"
"11/01/2022","14.300,0","14.302,5","14.315,0","14.272,5","0,21K","-0,03%"
"10/01/2022","14.305,0","14.312,5","14.342,5","14.296,0","0,19K","-0,35%"
"07/01/2022","14.355,0","14.375,0","14.377,5","14.352,5","0,12K","-0,24%"
"06/01/2022","14.390,0","14.394,0","14.404,0","14.377,0","0,16K","0,24%"
"05/01/2022","14.355,0","14.347,5","14.371,5","14.335,0","0,17K","0,38%"
"04/01/2022","14.300,0","14.287,5","14.327,5","14.270,0","0,14K","0,25%"
"03/01/2022","14.264,0","14.255,0","14.276,5","14.249,0","0,11K","0,10%"
"31/12/2021","14.250,0","14.280,0","14.287,5","14.240,0","0,09K","-0,11%"
"30/12/2021","14.265,0","14.242,5","14.280,0","14.237,5","0,11K","0,11%"
"29/12/2021","14.250,0","14.240,0","14.276,5","14.235,0","0,17K","0,18%"
"28/12/2021","14.225,0","14.225,0","14.244,5","14.220,0","0,13K","0,00%"
"27/12/2021","14.225,0","14.225,0","14.241,5","14.207,5","0,14K","0,04%"
"24/12/2021","14.220,0","14.185,0","14.242,5","14.180,0","0,10K","-0,19%"
"23/12/2021","14.247,0","14.220,0","14.260,0","14.217,5","0,09K","-0,27%"
"22/12/2021","14.285,0","14.280,0","14.293,5","14.235,0","0,14K","-0,20%"
"21/12/2021","14.313,0","14.387,5","14.392,5","14.305,0","0,11K","-0,43%"
"20/12/2021","14.375,0","14.387,5","14.392,5","14.367,5","0,11K","0,07%"
"17/12/2021","14.365,0","14.365,0","14.391,5","14.360,0","0,12K","0,17%"
"16/12/2021","14.340,0","14.335,0","14.367,5","14.315,0","0,13K","0,07%"
"15/12/2021","14.330,0","14.337,5","14.345,0","14.329,0","0,10K","0,00%"
"14/12/2021","14.330,0","14.340,0","14.353,5","14.330,0","0,09K","-0,07%"
"13/12/2021","14.340,0","14.357,5","14.366,5","14.327,5","0,10K","-0,21%"
"10/12/2021","14.370,0","14.380,0","14.390,0","14.367,0","0,13K","0,14%"
"09/12/2021","14.350,0","14.320,0","14.372,5","14.310,0","0,15K","-0,03%"
"08/12/2021","14.355,0","14.350,0","14.362,5","14.335,0","0,14K","-0,14%"
"07/12/2021","14.375,0","14.417,5","14.432,5","14.377,5","0,16K","-0,42%"
"06/12/2021","14.435,0","14.440,0","14.449,0","14.417,5","0,15K","0,28%"
"03/12/2021","14.395,0","14.405,0","14.412,5","14.392,5","0,10K","0,14%"
"02/12/2021","14.375,0","14.350,0","14.382,5","14.350,0","0,12K","0,24%"
"01/12/2021","14.340,0","14.344,0","14.362,5","14.334,5","0,15K","0,14%"
"30/11/2021","14.320,0","14.315,0","14.347,5","14.292,5","0,17K","0,00%"
"29/11/2021","14.320,0","14.370,0","14.375,0","14.312,5","0,09K","0,14%"
"26/11/2021","14.300,0","14.275,0","14.345,0","14.275,0","0,10K","0,25%"
"25/11/2021","14.265,0","14.262,5","14.290,0","14.262,5","0,15K","0,07%"
"24/11/2021","14.255,0","14.275,0","14.281,0","14.257,5","0,10K","0,00%"
"23/11/2021","14.255,0","14.257,5","14.277,5","14.255,0","0,16K","0,07%"
"22/11/2021","14.245,0","14.245,0","14.265,0","14.245,0","0,09K","0,07%"
"19/11/2021","14.235,0","14.210,0","14.242,5","14.210,0","0,07K","0,07%"
"18/11/2021","14.225,0","14.245,0","14.247,5","14.223,0","0,14K","-0,11%"
"17/11/2021","14.240,0","14.245,0","14.272,5","14.237,5","0,16K","0,14%"
"16/11/2021","14.220,0","14.200,0","14.226,0","14.195,0","0,12K","0,07%"
"15/11/2021","14.210,0","14.215,0","14.220,0","14.187,5","0,10K","-0,16%"
"12/11/2021","14.233,0","14.265,0","14.271,5","14.232,5","0,13K","-0,19%"
"11/11/2021","14.260,0","14.295,0","14.310,0","14.262,5","0,12K","0,07%"
"10/11/2021","14.250,0","14.255,0","14.265,0","14.241,0","0,12K","0,07%"
"09/11/2021","14.240,0","14.237,5","14.247,5","14.220,0","0,14K","-0,11%"
"08/11/2021","14.255,0","14.325,0","14.332,5","14.254,0","0,12K","-0,49%"
"05/11/2021","14.325,0","14.360,0","14.392,5","14.325,0","0,13K","-0,07%"
"04/11/2021","14.335,0","14.312,5","14.350,0","14.299,5","0,12K","0,28%"
"03/11/2021","14.295,0","14.272,5","14.315,0","14.262,5","0,12K","0,32%"
"02/11/2021","14.250,0","14.260,0","14.271,0","14.245,0","0,12K","0,04%"
"01/11/2021","14.245,0","14.185,0","14.261,5","14.185,0","0,13K","0,56%"
"29/10/2021","14.165,0","14.167,5","14.177,5","14.157,0","0,13K","-0,04%"
"28/10/2021","14.170,0","14.190,0","14.215,0","14.172,5","0,13K","0,00%"
"27/10/2021","14.170,0","14.160,0","14.193,5","14.154,5","0,13K","0,14%"
"26/10/2021","14.150,0","14.155,0","14.172,5","14.142,5","0,13K","-0,04%"
"25/10/2021","14.155,0","14.165,0","14.190,0","14.157,5","0,14K","0,25%"
"22/10/2021","14.120,0","14.140,0","14.169,0","14.122,5","0,14K","0,00%"
"21/10/2021","14.120,0","14.100,0","14.152,5","14.092,5","0,13K","0,33%"
"19/10/2021","14.073,0","14.067,5","14.092,5","14.059,5","0,15K","-0,23%"
"18/10/2021","14.105,0","14.060,0","14.115,0","14.040,0","0,10K","0,25%"
"15/10/2021","14.070,0","14.085,0","14.097,5","14.062,0","0,18K","-0,32%"
"14/10/2021","14.115,0","14.197,5","14.202,5","14.092,5","0,24K","-0,70%"
"13/10/2021","14.215,0","14.220,0","14.229,0","14.210,0","0,15K","0,00%"
"12/10/2021","14.215,0","14.215,0","14.225,0","14.203,0","0,14K","0,07%"
"11/10/2021","14.205,0","14.215,0","14.223,0","14.201,5","0,14K","-0,11%"
"08/10/2021","14.220,0","14.210,0","14.237,5","14.197,5","0,12K","0,04%"
"07/10/2021","14.215,0","14.250,0","14.257,5","14.212,0","0,13K","-0,25%"
"06/10/2021","14.250,0","14.240,0","14.260,0","14.228,0","0,11K","0,01%"
"05/10/2021","14.248,0","14.270,0","14.275,0","14.245,5","0,21K","-0,12%"
"04/10/2021","14.265,0","14.307,5","14.336,5","14.258,0","0,13K","-0,28%"
"01/10/2021","14.305,0","14.310,0","14.330,0","14.305,0","0,14K","-0,03%"
"30/09/2021","14.310,0","14.317,5","14.332,5","14.305,5","0,13K","0,14%"
"29/09/2021","14.290,0","14.295,0","14.330,0","14.292,5","0,12K","0,14%"
"28/09/2021","14.270,0","14.265,0","14.287,5","14.253,5","0,16K","0,14%"
"27/09/2021","14.250,0","14.260,0","14.270,0","14.247,5","0,12K","-0,04%"
"24/09/2021","14.255,0","14.245,0","14.266,5","14.228,5","0,13K","0,11%"
"23/09/2021","14.240,0","14.250,0","14.265,0","14.236,0","0,18K","0,00%"
"22/09/2021","14.240,0","14.245,0","14.256,0","14.236,0","0,13K","0,04%"
"21/09/2021","14.235,0","14.255,0","14.260,0","14.235,5","0,14K","-0,04%"
"20/09/2021","14.240,0","14.270,0","14.287,5","14.237,5","0,12K","0,11%"
"17/09/2021","14.225,0","14.275,0","14.282,5","14.195,0","0,15K","-0,18%"
"16/09/2021","14.250,0","14.230,0","14.261,5","14.217,5","0,12K","0,07%"
"15/09/2021","14.240,0","14.257,5","14.267,5","14.235,0","0,20K","-0,04%"
"14/09/2021","14.245,0","14.257,5","14.267,5","14.241,5","0,17K","-0,04%"
"13/09/2021","14.250,0","14.245,0","14.270,0","14.220,0","0,16K","0,35%"
"10/09/2021","14.200,0","14.275,0","14.275,0","14.195,5","0,20K","-0,35%"
"09/09/2021","14.250,0","14.280,0","14.283,5","14.252,5","0,20K","0,00%"
"08/09/2021","14.250,0","14.240,0","14.277,5","14.232,5","0,19K","0,28%"
"07/09/2021","14.210,0","14.220,0","14.220,0","14.176,5","0,17K","-0,07%"
"06/09/2021","14.220,0","14.247,5","14.260,0","14.210,0","0,16K","-0,28%"
"03/09/2021","14.260,0","14.270,0","14.270,0","14.252,5","0,15K","-0,07%"
"02/09/2021","14.270,0","14.265,0","14.290,0","14.260,0","0,18K","-0,07%"
"01/09/2021","14.280,0","14.265,0","14.305,0","14.255,0","0,21K","0,11%"
"31/08/2021","14.265,0","14.345,0","14.350,5","14.260,0","0,23K","-0,72%"
"30/08/2021","14.368,0","14.405,0","14.410,0","14.359,5","0,19K","-0,33%"
"27/08/2021","14.415,0","14.425,0","14.447,5","14.412,5","0,15K","0,00%"
"26/08/2021","14.415,0","14.425,0","14.433,5","14.408,5","0,26K","0,14%"
"25/08/2021","14.395,0","14.405,0","14.421,0","14.387,5","0,15K","0,03%"
"24/08/2021","14.390,0","14.395,0","14.407,5","14.377,5","0,19K","-0,14%"
"23/08/2021","14.410,0","14.435,0","14.438,5","14.404,0","0,18K","-0,28%"
"20/08/2021","14.450,0","14.475,0","14.485,0","14.422,5","0,23K","0,35%"
"19/08/2021","14.400,0","14.405,0","14.425,0","14.392,5","0,16K","0,21%"
"18/08/2021","14.370,0","14.387,5","14.400,0","14.372,5","0,18K","0,00%"
"16/08/2021","14.370,0","14.390,0","14.395,0","14.371,5","0,17K","-0,10%"
"13/08/2021","14.385,0","14.382,5","14.395,0","14.366,0","0,08K","0,03%"
"12/08/2021","14.380,0","14.395,0","14.407,5","14.366,0","0,18K","0,00%"
"10/08/2021","14.380,0","14.375,0","14.402,0","14.375,0","0,17K","0,14%"
"09/08/2021","14.360,0","14.370,0","14.387,5","14.357,5","0,10K","0,07%"
"06/08/2021","14.350,0","14.360,0","14.377,5","14.347,5","0,17K","0,07%"
"05/08/2021","14.340,0","14.330,0","14.360,0","14.321,0","0,14K","0,21%"
"04/08/2021","14.310,0","14.325,0","14.347,5","14.304,5","0,20K","-0,21%"
"03/08/2021","14.340,0","14.375,0","14.388,0","14.338,5","0,26K","-0,55%"
"02/08/2021","14.420,0","14.465,0","14.472,5","14.422,5","0,17K","-0,28%"
"30/07/2021","14.460,0","14.435,0","14.477,5","14.434,5","0,13K","-0,14%"
"29/07/2021","14.480,0","14.490,0","14.502,5","14.482,5","0,16K","-0,03%"
"28/07/2021","14.485,0","14.500,0","14.512,5","14.485,0","0,16K","-0,03%"
"27/07/2021","14.490,0","14.473,5","14.497,5","14.465,0","0,14K","0,07%"
"26/07/2021","14.480,0","14.510,0","14.522,5","14.470,0","0,17K","-0,07%"
"23/07/2021","14.490,0","14.500,0","14.512,5","14.488,5","0,11K","0,07%"
"22/07/2021","14.480,0","14.500,0","14.518,0","14.482,5","0,10K","-0,41%"
"21/07/2021","14.540,0","14.530,0","14.560,0","14.530,0","0,13K","0,17%"
"19/07/2021","14.515,0","14.512,5","14.537,5","14.505,0","0,14K","0,14%"
"16/07/2021","14.495,0","14.515,0","14.542,5","14.490,0","0,10K","0,10%"
"15/07/2021","14.480,0","14.480,0","14.512,5","14.472,5","0,14K","0,03%"
"14/07/2021","14.475,0","14.485,0","14.502,5","14.477,5","0,18K","0,09%"
"13/07/2021","14.462,0","14.505,0","14.515,0","14.459,0","0,13K","-0,19%"
"12/07/2021","14.490,0","14.485,0","14.502,5","14.471,5","0,10K","-0,24%"
"09/07/2021","14.525,0","14.535,0","14.559,5","14.525,0","0,11K","0,03%"
"08/07/2021","14.520,0","14.495,0","14.557,5","14.492,5","0,13K","0,28%"
"07/07/2021","14.480,0","14.485,0","14.512,5","14.472,5","0,10K","0,10%"
"06/07/2021","14.465,0","14.475,0","14.485,0","14.456,0","0,11K","-0,08%"
"05/07/2021","14.476,0","14.487,5","14.510,0","14.470,0","0,10K","-0,37%"
"02/07/2021","14.530,0","14.515,0","14.572,5","14.515,0","0,11K","0,21%"
"01/07/2021","14.500,0","14.510,0","14.555,0","14.500,0","0,12K","0,03%"
"30/06/2021","14.495,0","14.500,0","14.560,0","14.497,5","0,17K","0,10%"
"29/06/2021","14.480,0","14.455,0","14.494,0","14.455,0","0,09K","0,28%"
"28/06/2021","14.440,0","14.415,0","14.475,0","14.415,0","0,15K","0,14%"
"25/06/2021","14.420,0","14.420,0","14.450,0","14.415,0","0,08K","-0,10%"
"24/06/2021","14.435,0","14.440,0","14.466,0","14.432,5","0,10K","0,03%"
"23/06/2021","14.430,0","14.440,0","14.467,5","14.415,0","0,08K","0,21%"
"22/06/2021","14.400,0","14.420,0","14.437,5","14.397,5","0,21K","-0,17%"
"21/06/2021","14.425,0","14.390,0","14.460,0","14.390,0","0,12K","0,38%"
"18/06/2021","14.370,0","14.375,0","14.402,5","14.370,0","0,12K","0,14%"
"17/06/2021","14.350,0","14.300,0","14.385,0","14.295,0","0,25K","0,81%"
"16/06/2021","14.235,0","14.235,0","14.267,5","14.235,0","0,19K","0,11%"
"15/06/2021","14.220,0","14.210,0","14.247,5","14.210,0","0,18K","0,14%"
"14/06/2021","14.200,0","14.200,0","14.232,5","14.197,5","0,15K","0,08%"
"11/06/2021","14.188,0","14.222,5","14.242,5","14.183,0","0,24K","-0,40%"
"10/06/2021","14.245,0","14.260,0","14.265,0","14.222,5","0,14K","-0,04%"
"09/06/2021","14.250,0","14.265,0","14.274,0","14.245,0","0,17K","0,00%"
"08/06/2021","14.250,0","14.265,0","14.272,5","14.250,0","0,10K","-0,07%"
"07/06/2021","14.260,0","14.275,0","14.288,0","14.247,5","0,17K","-0,21%"
"04/06/2021","14.290,0","14.295,0","14.325,0","14.295,0","0,12K","0,07%"
"03/06/2021","14.280,0","14.275,0","14.312,5","14.265,0","0,14K","0,04%"
"02/06/2021","14.275,0","14.265,0","14.292,5","14.247,5","0,17K","0,00%"
"31/05/2021","14.275,0","14.295,0","14.312,0","14.280,0","0,16K","-0,04%"
"28/05/2021","14.280,0","14.305,0","14.322,5","14.285,0","0,15K","-0,04%"
"27/05/2021","14.285,0","14.320,0","14.336,5","14.278,5","0,20K","-0,28%"
"25/05/2021","14.325,0","14.325,0","14.345,0","14.315,0","0,23K","-0,17%"
"24/05/2021","14.350,0","14.350,0","14.367,5","14.340,0","0,11K","0,00%"
"21/05/2021","14.350,0","14.340,0","14.392,5","14.340,0","0,25K","-0,14%"
"20/05/2021","14.370,0","14.310,0","14.405,0","14.310,0","0,23K","0,67%"
"19/05/2021","14.275,0","14.295,0","14.324,0","14.280,0","0,16K","0,04%"
"18/05/2021","14.270,0","14.300,0","14.316,0","14.270,0","0,22K","-0,07%"
"17/05/2021","14.280,0","14.250,0","14.300,0","14.215,0","0,17K","0,60%"
"11/05/2021","14.195,0","14.200,0","14.215,0","14.187,0","0,16K","0,00%"
"10/05/2021","14.195,0","14.145,0","14.212,5","14.140,0","0,16K","-0,60%"
"07/05/2021","14.280,0","14.272,5","14.312,5","14.247,0","0,16K","-0,24%"
"06/05/2021","14.315,0","14.415,0","14.425,0","14.313,0","0,24K","-0,80%"
"05/05/2021","14.430,0","14.440,0","14.450,0","14.426,0","0,15K","0,03%"
"04/05/2021","14.425,0","14.460,0","14.465,0","14.412,5","0,16K","-0,14%"
"03/05/2021","14.445,0","14.450,0","14.480,0","14.447,5","0,11K","0,03%"
"30/04/2021","14.440,0","14.430,0","14.507,5","14.424,5","0,12K","-0,03%"
"29/04/2021","14.445,0","14.430,0","14.475,0","14.425,0","0,13K","-0,34%"
"28/04/2021","14.495,0","14.490,0","14.525,0","14.487,5","0,13K","0,10%"
"27/04/2021","14.480,0","14.490,0","14.508,5","14.477,0","0,18K","0,00%"
"26/04/2021","14.480,0","14.515,0","14.515,0","14.475,0","0,14K","-0,28%"
"23/04/2021","14.520,0","14.525,0","14.560,0","14.520,0","0,11K","0,03%"
"22/04/2021","14.515,0","14.515,0","14.539,0","14.510,0","0,10K","-0,07%"
"21/04/2021","14.525,0","14.525,0","14.551,0","14.510,0","0,09K","0,21%"
"20/04/2021","14.495,0","14.515,0","14.535,0","14.482,5","0,16K","-0,34%"
"19/04/2021","14.545,0","14.537,5","14.570,0","14.525,0","0,07K","-0,10%"
"16/04/2021","14.560,0","14.620,0","14.630,0","14.550,0","0,12K","-0,27%"
"15/04/2021","14.600,0","14.610,0","14.634,0","14.600,0","0,09K","0,00%"
"14/04/2021","14.600,0","14.622,5","14.622,5","14.592,5","0,08K","0,00%"
"13/04/2021","14.600,0","14.610,0","14.627,5","14.595,0","0,12K","0,07%"
"12/04/2021","14.590,0","14.575,0","14.630,0","14.575,0","0,09K","0,21%"
"09/04/2021","14.560,0","14.550,0","14.587,5","14.540,0","0,10K","0,21%"
"08/04/2021","14.530,0","14.510,0","14.578,5","14.510,0","0,09K","0,28%"
"07/04/2021","14.490,0","14.470,0","14.517,5","14.470,0","0,05K","-0,07%"
"06/04/2021","14.500,0","14.490,0","14.525,0","14.490,0","0,09K","-0,07%"
"05/04/2021","14.510,0","14.520,0","14.535,0","14.510,0","0,05K","-0,07%"
"01/04/2021","14.520,0","14.530,0","14.594,5","14.525,0","0,08K","0,00%"
"31/03/2021","14.520,0","14.480,0","14.582,0","14.480,0","0,11K","0,35%"
"30/03/2021","14.470,0","14.450,0","14.502,5","14.450,0","0,09K","0,21%"
"29/03/2021","14.440,0","14.420,0","14.455,0","14.420,0","0,07K","0,21%"
"26/03/2021","14.410,0","14.445,0","14.458,0","14.417,5","0,13K","-0,07%"
"25/03/2021","14.420,0","14.435,0","14.465,0","14.425,0","0,10K","0,00%"
"24/03/2021","14.420,0","14.422,5","14.460,0","14.410,0","0,07K","0,21%"
"23/03/2021","14.390,0","14.400,0","14.425,0","14.390,0","0,08K","-0,07%"
"22/03/2021","14.400,0","14.415,0","14.452,5","14.397,0","0,11K","0,00%"
"19/03/2021","14.400,0","14.410,0","14.475,0","14.400,0","0,14K","0,07%"
"18/03/2021","14.390,0","14.385,0","14.415,0","14.375,0","0,09K","-0,24%"
"17/03/2021","14.425,0","14.430,0","14.465,0","14.415,0","0,10K","0,17%"
"16/03/2021","14.400,0","14.402,5","14.422,5","14.395,0","0,08K","0,03%"
"15/03/2021","14.395,0","14.400,0","14.422,5","14.390,0","0,07K","0,10%"
"12/03/2021","14.380,0","14.355,0","14.396,0","14.325,0","0,10K","-0,10%"
"10/03/2021","14.395,0","14.390,0","14.425,0","14.390,0","0,05K","0,03%"
"09/03/2021","14.390,0","14.415,0","14.475,0","14.395,0","0,10K","0,28%"
"08/03/2021","14.350,0","14.350,0","14.382,5","14.335,0","0,08K","0,42%"
"05/03/2021","14.290,0","14.315,0","14.360,0","14.280,0","0,09K","0,21%"
"04/03/2021","14.260,0","14.265,0","14.305,0","14.250,0","0,12K","0,14%"
"03/03/2021","14.240,0","14.325,0","14.330,5","14.240,0","0,14K","-0,42%"
"02/03/2021","14.300,0","14.275,0","14.330,0","14.265,0","0,07K","0,35%"
"01/03/2021","14.250,0","14.250,0","14.307,5","14.240,0","0,10K","0,07%"
"26/02/2021","14.240,0","14.105,0","14.275,0","14.105,0","0,19K","1,14%"
"25/02/2021","14.080,0","14.085,0","14.110,0","14.079,5","0,10K","0,00%"
"24/02/2021","14.080,0","14.072,5","14.092,5","14.065,0","0,13K","-0,07%"
"23/02/2021","14.090,0","14.110,0","14.130,0","14.092,5","0,11K","-0,14%"
"22/02/2021","14.110,0","14.070,0","14.130,0","14.070,0","0,07K","0,36%"
"19/02/2021","14.060,0","14.050,0","14.100,5","14.050,0","0,11K","0,36%"
"18/02/2021","14.010,0","14.020,0","14.061,0","14.020,0","0,08K","0,00%"
"17/02/2021","14.010,0","13.955,0","14.046,0","13.955,0","0,08K","0,65%"
"16/02/2021","13.920,0","13.895,0","13.937,5","13.866,0","0,10K","0,07%"
"15/02/2021","13.910,0","13.972,5","13.972,5","13.896,5","0,09K","-0,43%"
"11/02/2021","13.970,0","13.985,0","14.002,0","13.965,0","0,07K","-0,07%"
"10/02/2021","13.980,0","14.000,0","14.000,0","13.972,0","0,12K","-0,07%"
"09/02/2021","13.990,0","14.007,5","14.011,0","13.988,5","0,07K","-0,04%"
"08/02/2021","13.995,0","14.020,0","14.023,5","13.987,5","0,08K","-0,18%"
"05/02/2021","14.020,0","14.020,0","14.057,5","14.020,0","0,07K","0,07%"
"04/02/2021","14.010,0","14.007,5","14.040,0","14.002,5","0,06K","0,07%"
"03/02/2021","14.000,0","14.015,0","14.020,0","13.992,5","0,08K","-0,14%"
"02/02/2021","14.020,0","14.035,0","14.049,0","14.020,0","0,06K","0,07%"
"01/02/2021","14.010,0","14.035,0","14.052,5","14.015,0","0,11K","-0,07%"
"29/01/2021","14.020,0","14.072,5","14.085,0","14.030,0","0,04K","-0,21%"
"28/01/2021","14.050,0","14.065,0","14.126,5","14.055,0","0,05K","0,11%"
"27/01/2021","14.035,0","14.050,0","14.082,0","14.042,5","0,05K","-0,04%"
"26/01/2021","14.040,0","14.045,0","14.098,5","14.045,0","0,03K","0,21%"
"25/01/2021","14.010,0","14.055,0","14.083,0","14.020,0","0,05K","-0,07%"
"22/01/2021","14.020,0","13.995,0","14.063,5","13.995,0","0,05K","0,29%"
"21/01/2021","13.980,0","14.022,5","14.035,0","13.995,0","0,05K","-0,29%"
"20/01/2021","14.020,0","14.065,0","14.067,5","14.030,0","0,06K","-0,21%"
"19/01/2021","14.050,0","14.080,0","14.099,5","14.055,0","0,05K","-0,07%"
"18/01/2021","14.060,0","14.025,0","14.105,0","14.025,0","0,07K","0,36%"
"15/01/2021","14.010,0","14.040,0","14.062,5","14.012,5","0,05K","-0,28%"
"14/01/2021","14.050,0","14.075,0","14.109,0","14.055,0","0,04K","-0,04%"
"13/01/2021","14.055,0","14.090,0","14.117,5","14.057,5","0,07K","-0,46%"
"12/01/2021","14.120,0","14.120,0","14.217,5","14.115,0","0,11K","0,28%"
"11/01/2021","14.080,0","14.020,0","14.165,0","14.020,0","0,06K","0,72%"
"08/01/2021","13.980,0","13.915,0","14.061,5","13.915,0","0,06K","0,65%"
"07/01/2021","13.890,0","13.900,0","13.945,0","13.900,0","0,03K","0,07%"
"06/01/2021","13.880,0","13.920,0","13.930,0","13.895,0","0,04K","-0,14%"
"05/01/2021","13.900,0","13.900,0","13.932,5","13.900,0","0,03K","0,11%"
"04/01/2021","13.885,0","13.910,0","13.940,0","13.862,5","0,07K","-2,31%"
"01/01/2021","14.213,7","14.213,5","14.214,2","13.919,0","","1,24%"
"30/12/2020","14.040,0","14.120,0","14.120,0","14.050,0","0,05K","-0,50%"
"29/12/2020","14.110,0","14.150,0","14.160,0","14.130,0","0,02K","-0,21%"
"28/12/2020","14.140,0","14.155,0","14.177,5","14.150,0","0,02K","-0,07%"
"23/12/2020","14.150,0","14.155,0","14.274,0","14.155,0","0,04K","0,04%"
"22/12/2020","14.145,0","14.140,0","14.212,5","14.140,0","0,02K","0,32%"
"21/12/2020","14.100,0","14.110,0","14.175,0","14.110,0","0,03K","0,14%"
"18/12/2020","14.080,0","14.102,5","14.147,5","14.100,0","0,03K","-0,04%"
"17/12/2020","14.085,0","14.125,0","14.137,5","14.105,0","0,02K","-0,04%"
"16/12/2020","14.090,0","14.110,0","14.158,0","14.110,0","0,04K","0,00%"
"15/12/2020","14.090,0","14.105,0","14.173,5","14.105,0","0,03K","0,14%"
"14/12/2020","14.070,0","14.100,0","14.155,0","14.095,0","0,04K","0,00%"
"11/12/2020","14.070,0","14.100,0","14.119,0","14.079,5","0,05K","-0,14%"
"10/12/2020","14.090,0","14.095,0","14.120,0","14.095,0","0,04K","0,07%"
"08/12/2020","14.080,0","14.110,0","14.150,0","14.110,0","0,03K","0,00%"
"07/12/2020","14.080,0","14.110,0","14.135,0","14.101,0","0,03K","-0,04%"
"04/12/2020","14.085,0","14.135,0","14.162,5","14.102,5","0,03K","-0,11%"
"03/12/2020","14.100,0","14.120,0","14.179,0","14.120,0","0,02K","0,07%"
"02/12/2020","14.090,0","14.120,0","14.156,0","14.120,0","0,01K","-0,07%"
"01/12/2020","14.100,0","14.117,5","14.182,5","14.117,5","0,03K","0,07%"
"30/11/2020","14.090,0","14.070,0","14.150,0","14.070,0","0,02K","0,14%"
"27/11/2020","14.070,0","14.105,0","14.136,5","14.090,0","0,03K","-0,14%"
"26/11/2020","14.090,0","14.125,0","14.137,5","14.100,0","0,05K","-0,28%"
"25/11/2020","14.130,0","14.145,0","14.177,5","14.140,0","0,05K","-0,07%"
"24/11/2020","14.140,0","14.150,0","14.194,5","14.150,0","0,03K","0,07%"
"23/11/2020","14.130,0","14.162,5","14.175,0","14.142,5","0,04K","-0,14%"
"20/11/2020","14.150,0","14.160,0","14.210,5","14.160,0","0,04K","0,07%"
"19/11/2020","14.140,0","14.055,0","14.195,0","14.055,0","0,04K","0,64%"
"18/11/2020","14.050,0","14.055,0","14.102,5","14.055,0","0,04K","0,14%"
"17/11/2020","14.030,0","14.030,0","14.077,5","14.027,5","0,05K","-0,50%"
"16/11/2020","14.100,0","14.120,0","14.147,5","14.107,5","0,06K","-0,35%"
"13/11/2020","14.150,0","14.150,0","14.232,5","14.150,0","0,06K","0,07%"
"12/11/2020","14.140,0","14.080,0","14.207,5","14.080,0","0,03K","0,50%"
"11/11/2020","14.070,0","14.055,0","14.102,5","14.055,0","0,04K","0,21%"
"10/11/2020","14.040,0","14.050,0","14.082,5","13.992,5","0,09K","-0,07%"
"09/11/2020","14.050,0","14.170,0","14.180,0","14.042,5","0,13K","-0,99%"
"06/11/2020","14.190,0","14.255,0","14.302,5","14.200,0","0,08K","-1,25%"
"05/11/2020","14.370,0","14.385,0","14.440,0","14.370,0","0,08K","-1,17%"
"04/11/2020","14.540,0","14.515,0","14.567,5","14.512,5","0,04K","-0,21%"
"03/11/2020","14.570,0","14.612,5","14.635,0","14.584,0","0,06K","-0,38%"
"02/11/2020","14.625,0","14.650,0","14.717,5","14.637,5","0,04K","0,03%"
"27/10/2020","14.620,0","14.650,0","14.680,0","14.620,0","0,04K","-0,07%"
"26/10/2020","14.630,0","14.635,0","14.675,0","14.632,5","0,03K","-0,14%"
"23/10/2020","14.650,0","14.660,0","14.722,5","14.650,0","0,03K","0,07%"
"22/10/2020","14.640,0","14.615,0","14.690,0","14.615,0","0,03K","0,21%"
"21/10/2020","14.610,0","14.635,0","14.667,5","14.615,0","0,07K","-0,27%"
"20/10/2020","14.650,0","14.672,5","14.718,0","14.655,0","0,07K","-0,14%"
"19/10/2020","14.670,0","14.670,0","14.742,5","14.670,0","0,06K","0,00%"
"16/10/2020","14.670,0","14.710,0","14.757,5","14.687,5","0,05K","0,07%"
"15/10/2020","14.660,0","14.685,0","14.741,0","14.680,0","0,04K","-0,14%"
"14/10/2020","14.680,0","14.710,0","14.765,0","14.705,0","0,03K","0,00%"
"13/10/2020","14.680,0","14.695,0","14.767,5","14.695,0","0,04K","0,00%"
"12/10/2020","14.680,0","14.685,0","14.732,5","14.685,0","0,02K","0,03%"
"09/10/2020","14.675,0","14.695,0","14.727,5","14.665,0","0,03K","-0,07%"
"08/10/2020","14.685,0","14.700,0","14.733,0","14.697,5","0,06K","-0,03%"
"07/10/2020","14.690,0","14.710,0","14.772,5","14.702,5","0,07K","-0,14%"
"06/10/2020","14.710,0","14.605,0","14.762,5","14.605,0","0,05K","-0,54%"
"05/10/2020","14.790,0","14.815,0","14.857,5","14.799,5","0,11K","-0,27%"
"02/10/2020","14.830,0","14.840,0","14.907,0","14.840,0","0,05K","0,07%"
"01/10/2020","14.820,0","14.810,0","14.867,5","14.810,0","0,05K","-0,13%"
"30/09/2020","14.840,0","14.857,5","14.922,0","14.857,5","0,04K","-0,03%"
"29/09/2020","14.845,0","14.875,0","14.940,5","14.867,5","0,06K","-0,03%"
"28/09/2020","14.850,0","14.867,5","14.949,5","14.867,5","0,05K","0,03%"
"25/09/2020","14.845,0","14.887,5","14.952,5","14.862,5","0,10K","0,00%"
"24/09/2020","14.845,0","14.815,0","14.910,0","14.815,0","0,04K","0,44%"
"23/09/2020","14.780,0","14.775,0","14.854,0","14.755,0","0,07K","0,20%"
"22/09/2020","14.750,0","14.695,0","14.824,5","14.695,0","0,05K","0,41%"
"21/09/2020","14.690,0","14.670,0","14.727,5","14.664,0","0,11K","-0,27%"
"18/09/2020","14.730,0","14.755,0","14.780,0","14.713,0","0,13K","-0,61%"
"17/09/2020","14.820,0","14.795,0","14.872,0","14.795,0","0,08K","-0,03%"
"16/09/2020","14.825,0","14.790,0","14.877,5","14.790,0","0,13K","-0,07%"
"15/09/2020","14.835,0","14.805,0","14.875,0","14.802,0","0,14K","-0,17%"
"14/09/2020","14.860,0","14.855,0","14.955,0","14.855,0","0,05K","0,00%"
"11/09/2020","14.860,0","14.900,0","14.974,0","14.877,5","0,12K","0,27%"
"10/09/2020","14.820,0","14.770,0","14.895,0","14.765,0","0,06K","0,27%"
"09/09/2020","14.780,0","14.765,0","14.860,0","14.765,0","0,10K","0,14%"
"08/09/2020","14.760,0","14.720,0","14.802,5","14.720,0","0,08K","0,20%"
"07/09/2020","14.730,0","14.705,0","14.757,5","14.705,0","0,09K","-0,07%"
"04/09/2020","14.740,0","14.735,0","14.802,5","14.705,0","0,12K","-0,14%"
"03/09/2020","14.760,0","14.755,0","14.835,0","14.755,0","0,16K","0,14%"
"02/09/2020","14.740,0","14.605,0","14.820,0","14.605,0","0,11K","1,20%"
"01/09/2020","14.565,0","14.535,0","14.620,0","14.535,0","0,10K","0,03%"
"31/08/2020","14.560,0","14.505,0","14.567,5","14.505,0","0,10K","-0,38%"
"28/08/2020","14.615,0","14.655,0","14.716,5","14.614,5","0,14K","-0,24%"
"27/08/2020","14.650,0","14.605,0","14.727,5","14.605,0","0,10K","-0,14%"
"26/08/2020","14.670,0","14.585,0","14.695,0","14.585,0","0,14K","0,20%"
"25/08/2020","14.640,0","14.600,0","14.660,0","14.575,0","0,12K","-0,20%"
"24/08/2020","14.670,0","14.755,0","14.802,5","14.670,5","0,14K","-0,68%"
"19/08/2020","14.770,0","14.750,0","14.807,5","14.735,0","0,16K","-0,40%"
"18/08/2020","14.830,0","14.750,0","14.881,0","14.750,0","0,20K","0,75%"
"14/08/2020","14.720,0","14.775,0","14.844,0","14.775,0","0,02K","0,14%"
"13/08/2020","14.700,0","14.742,5","14.795,0","14.725,0","0,05K","0,10%"
"12/08/2020","14.685,0","14.640,0","14.770,0","14.640,0","0,05K","0,44%"
"11/08/2020","14.620,0","14.580,0","14.720,0","14.580,0","0,06K","0,21%"
"10/08/2020","14.590,0","14.600,0","14.700,0","14.600,0","0,03K","0,07%"
"07/08/2020","14.580,0","14.555,0","14.675,0","14.555,0","0,03K","-0,03%"
"06/08/2020","14.585,0","14.490,0","14.615,0","14.465,0","0,08K","0,24%"
"05/08/2020","14.550,0","14.540,0","14.612,5","14.520,0","0,06K","-0,48%"
"04/08/2020","14.620,0","14.565,0","14.675,0","14.560,0","0,05K","-0,07%"
"03/08/2020","14.630,0","14.605,0","14.647,5","14.595,0","0,02K","0,21%"
"30/07/2020","14.600,0","14.455,0","14.620,0","14.455,0","0,03K","0,45%"
"29/07/2020","14.535,0","14.455,0","14.595,0","14.454,5","0,10K","0,00%"
"28/07/2020","14.535,0","14.460,0","14.561,0","14.445,0","0,03K","0,10%"
"27/07/2020","14.520,0","14.505,0","14.580,0","14.480,0","0,07K","-0,62%"
"24/07/2020","14.610,0","14.525,0","14.615,0","14.505,0","0,03K","0,21%"
"23/07/2020","14.580,0","14.605,0","14.670,0","14.532,5","0,08K","-0,48%"
"22/07/2020","14.650,0","14.605,0","14.680,0","14.605,0","0,10K","-0,60%"
"21/07/2020","14.738,5","14.755,0","14.780,0","14.725,0","0,10K","-0,31%"
"20/07/2020","14.785,0","14.695,0","14.860,0","14.692,5","0,04K","0,61%"
"17/07/2020","14.695,0","14.585,0","14.730,0","14.570,0","0,02K","0,48%"
"16/07/2020","14.625,0","14.560,0","14.687,5","14.535,0","0,05K","0,26%"
"15/07/2020","14.587,5","14.450,0","14.625,0","14.450,0","0,09K","0,95%"
"14/07/2020","14.450,0","14.355,0","14.450,0","14.352,0","0,06K","0,17%"
"13/07/2020","14.425,0","14.370,0","14.501,0","14.365,0","0,05K","-0,07%"
"10/07/2020","14.435,0","14.397,5","14.490,0","14.397,5","0,03K","0,28%"
"09/07/2020","14.395,0","14.355,0","14.430,0","14.342,5","0,10K","-0,10%"
"08/07/2020","14.410,0","14.395,0","14.450,0","14.375,0","0,04K","-0,21%"
"07/07/2020","14.440,0","14.450,0","14.450,0","14.374,0","0,03K","-0,35%"
"06/07/2020","14.490,0","14.465,0","14.582,5","14.455,0","0,10K","-0,14%"
"03/07/2020","14.510,0","14.380,0","14.605,0","14.380,0","0,09K","0,91%"
"02/07/2020","14.378,5","14.265,0","14.383,0","14.265,0","0,02K","0,80%"
"01/07/2020","14.265,0","14.245,0","14.325,0","14.245,0","0,03K","0,07%"
"30/06/2020","14.255,0","14.175,0","14.315,0","14.165,0","0,04K","0,07%"
"29/06/2020","14.245,0","14.225,0","14.275,0","14.225,0","0,01K","0,18%"
"26/06/2020","14.220,0","14.105,0","14.250,0","14.100,0","0,06K","0,32%"
"25/06/2020","14.175,0","14.085,0","14.195,0","14.079,5","0,08K","0,32%"
"24/06/2020","14.130,0","14.110,0","14.175,0","14.099,5","0,07K","-0,21%"
"23/06/2020","14.160,0","14.185,0","14.255,0","14.160,0","0,06K","-0,18%"
"22/06/2020","14.185,0","14.100,0","14.185,0","14.100,0","0,03K","0,60%"
"19/06/2020","14.100,0","14.055,0","14.202,5","14.055,0","0,02K","0,11%"
"18/06/2020","14.085,0","14.030,0","14.105,0","14.005,0","0,04K","0,02%"
"17/06/2020","14.082,5","14.065,0","14.130,0","14.034,5","0,05K","-0,05%"
"16/06/2020","14.090,0","14.085,0","14.130,0","14.047,5","0,04K","-0,18%"
"15/06/2020","14.115,0","14.055,0","14.145,0","14.040,0","0,02K","-0,07%"
"12/06/2020","14.125,0","14.060,0","14.223,5","14.060,0","0,05K","0,78%"
"11/06/2020","14.015,0","13.925,0","14.060,0","13.887,5","0,04K","0,25%"
"10/06/2020","13.980,0","13.937,5","14.055,0","13.897,5","0,04K","0,65%"
"09/06/2020","13.890,0","13.910,0","14.045,0","13.880,0","0,05K","0,04%"
"08/06/2020","13.885,0","13.870,0","13.995,0","13.850,0","0,05K","0,11%"
"05/06/2020","13.870,0","14.075,0","14.107,5","13.862,5","0,11K","-1,60%"
"04/06/2020","14.095,0","14.105,0","14.170,0","14.070,0","0,11K","0,00%"
"03/06/2020","14.095,0","14.245,0","14.255,0","14.095,0","0,09K","-2,22%"
"02/06/2020","14.415,0","14.630,0","14.630,0","14.415,0","0,08K","-1,33%"
"29/05/2020","14.610,0","14.725,0","14.745,0","14.607,5","0,15K","-0,71%"
"28/05/2020","14.715,0","14.740,0","14.777,5","14.710,0","0,07K","0,03%"
"27/05/2020","14.710,0","14.740,0","14.780,0","14.707,5","0,07K","-0,30%"
"26/05/2020","14.755,0","14.730,0","14.779,5","14.727,5","0,07K","0,31%"
"20/05/2020","14.710,0","14.755,0","14.792,5","14.705,0","0,09K","-0,41%"
"19/05/2020","14.770,0","14.805,0","14.845,0","14.755,0","0,13K","-0,54%"
"18/05/2020","14.850,0","14.855,0","14.895,0","14.835,0","0,08K","-0,07%"
"15/05/2020","14.860,0","14.875,0","14.925,0","14.857,5","0,06K","-0,17%"
"14/05/2020","14.885,0","14.892,5","14.962,5","14.867,5","0,08K","0,13%"
"13/05/2020","14.865,0","14.885,0","14.907,5","14.852,5","0,08K","-0,27%"
"12/05/2020","14.905,0","14.930,0","14.986,0","14.902,0","0,08K","0,07%"
"11/05/2020","14.895,0","14.945,0","14.962,5","14.885,0","0,08K","-0,17%"
"08/05/2020","14.920,0","15.025,0","15.052,5","14.908,0","0,07K","-0,83%"
"06/05/2020","15.045,0","15.060,0","15.125,0","15.025,0","0,06K","-0,23%"
"05/05/2020","15.080,0","15.125,0","15.150,0","15.030,0","0,08K","-0,13%"
"04/05/2020","15.100,0","14.960,0","15.135,0","14.960,0","0,04K","1,51%"
"30/04/2020","14.875,0","15.190,0","15.195,0","14.857,5","0,09K","-2,75%"
"29/04/2020","15.295,0","15.355,0","15.412,5","15.290,0","0,08K","-0,83%"
"28/04/2020","15.422,5","15.405,0","15.507,5","15.395,0","0,11K","0,24%"
"27/04/2020","15.385,0","15.455,0","15.505,0","15.385,0","0,02K","-0,10%"
"24/04/2020","15.400,0","15.452,5","15.525,0","15.400,0","0,07K","0,00%"
"23/04/2020","15.400,0","15.524,0","15.607,5","15.400,0","0,12K","-0,32%"
"22/04/2020","15.450,0","15.530,0","15.610,0","15.450,0","0,07K","-0,03%"
"21/04/2020","15.455,0","15.500,0","15.585,0","15.455,0","0,03K","0,28%"
"20/04/2020","15.412,5","15.470,0","15.519,0","15.412,5","0,05K","-0,11%"
"17/04/2020","15.430,0","15.505,0","15.552,5","15.400,0","0,09K","-1,34%"
"16/04/2020","15.640,0","15.657,5","15.785,0","15.640,0","0,04K","0,48%"
"15/04/2020","15.565,0","15.645,0","15.697,5","15.540,0","0,09K","-0,42%"
"14/04/2020","15.630,0","15.700,0","15.727,5","15.630,0","0,07K","0,00%"
"13/04/2020","15.630,0","15.800,0","15.825,0","15.630,0","0,07K","-1,20%"
"09/04/2020","15.820,0","16.177,5","16.240,0","15.820,0","0,10K","-2,19%"
"08/04/2020","16.175,0","16.180,0","16.330,0","16.167,5","0,04K","0,00%"
"07/04/2020","16.175,0","16.385,0","16.436,5","16.175,0","0,07K","-1,45%"
"06/04/2020","16.412,5","16.450,0","16.575,0","16.412,5","0,02K","-0,08%"
"03/04/2020","16.425,0","16.445,0","16.505,0","16.425,0","0,03K","-0,30%"
"02/04/2020","16.475,0","16.505,0","16.570,0","16.475,0","0,02K","0,15%"
"01/04/2020","16.450,0","16.325,0","16.480,0","16.325,0","0,03K","0,86%"
"31/03/2020","16.310,0","16.325,0","16.392,5","16.300,0","0,11K","-0,17%"
"30/03/2020","16.337,5","16.155,0","16.416,0","16.155,0","0,03K","1,22%"
"27/03/2020","16.140,0","16.105,0","16.265,0","16.060,0","0,10K","-1,01%"
"26/03/2020","16.305,0","16.205,0","16.360,0","16.205,0","0,09K","-1,18%"
"24/03/2020","16.500,0","16.505,0","16.525,0","16.472,5","0,06K","-0,45%"
"23/03/2020","16.575,0","15.975,0","16.640,0","15.975,0","0,05K","4,08%"
"20/03/2020","15.925,0","15.962,5","16.225,0","15.925,0","0,04K","0,08%"
"19/03/2020","15.912,5","15.287,5","15.912,5","15.287,5","0,02K","4,57%"
"18/03/2020","15.217,5","15.097,5","15.232,5","15.097,5","0,03K","0,31%"
"17/03/2020","15.170,0","14.940,0","15.170,0","14.940,0","0,05K","1,64%"
"16/03/2020","14.925,0","14.725,0","15.002,0","14.725,0","0,10K","1,05%"
"13/03/2020","14.770,0","14.610,0","14.865,0","14.610,0","0,12K","1,71%"
"12/03/2020","14.521,5","14.366,5","14.521,5","14.366,5","0,04K","1,18%"
"11/03/2020","14.352,5","14.302,5","14.392,5","14.292,5","0,24K","0,05%"
"10/03/2020","14.346,0","14.391,0","14.416,0","14.281,0","0,28K","-0,32%"
"09/03/2020","14.392,5","14.247,5","14.392,5","14.247,5","0,03K","1,14%"
"06/03/2020","14.230,0","14.190,0","14.295,0","14.190,0","0,15K","0,42%"
"05/03/2020","14.170,0","14.120,0","14.190,0","14.120,0","0,22K","0,39%"
"04/03/2020","14.115,0","14.255,0","14.255,0","14.095,0","0,24K","-1,17%"
"03/03/2020","14.281,5","14.196,5","14.286,5","14.196,5","0,17K","0,12%"
"02/03/2020","14.265,0","14.355,0","14.420,0","14.225,0","0,07K","-0,58%"
"28/02/2020","14.347,5","14.057,5","14.347,5","14.057,5","0,06K","2,23%"
"27/02/2020","14.035,0","13.935,0","14.035,0","13.935,0","0,12K","0,74%"
"26/02/2020","13.932,5","13.887,5","13.947,5","13.887,5","0,04K","0,36%"
"25/02/2020","13.882,5","13.872,5","13.912,5","13.872,5","0,06K","0,09%"
"24/02/2020","13.870,0","13.775,0","13.895,0","13.775,0","0,06K","0,76%"
"21/02/2020","13.765,0","13.720,0","13.765,0","13.720,0","0,03K","0,42%"
"20/02/2020","13.707,5","13.697,5","13.777,5","13.697,5","0,15K","0,15%"
"19/02/2020","13.687,5","13.697,5","13.722,5","13.687,5","0,16K","0,16%"
"18/02/2020","13.665,0","13.655,0","13.695,0","13.655,0","0,15K","0,09%"
"17/02/2020","13.652,5","13.672,5","13.692,5","13.651,5","0,18K","-0,16%"
"14/02/2020","13.675,0","13.685,0","13.715,0","13.675,0","0,18K","-0,04%"
"13/02/2020","13.680,0","13.660,0","13.715,0","13.660,0","0,12K","0,15%"
"12/02/2020","13.660,0","13.645,0","13.680,0","13.645,0","0,22K","-0,04%"
"11/02/2020","13.665,0","13.695,0","13.695,0","13.665,0","0,12K","-0,22%"
"10/02/2020","13.695,0","13.675,0","13.730,0","13.675,0","0,08K","0,15%"
"07/02/2020","13.675,0","13.620,0","13.680,0","13.620,0","0,07K","0,40%"
"06/02/2020","13.620,0","13.645,0","13.675,0","13.595,0","0,29K","-0,40%"
"05/02/2020","13.675,0","13.695,0","13.735,0","13.675,0","0,23K","-0,26%"
"04/02/2020","13.710,0","13.745,0","13.770,0","13.695,0","0,20K","-0,24%"
"03/02/2020","13.742,5","13.662,5","13.742,5","13.662,5","0,04K","0,64%"
"31/01/2020","13.655,0","13.645,0","13.663,0","13.645,0","0,03K","0,07%"
"30/01/2020","13.645,0","13.635,0","13.672,0","13.630,0","0,12K","0,13%"
"29/01/2020","13.627,5","13.622,5","13.649,5","13.622,5","0,20K","-0,07%"
"28/01/2020","13.637,5","13.617,5","13.660,5","13.617,5","0,21K","0,24%"
"27/01/2020","13.605,0","13.575,0","13.625,0","13.575,0","0,11K","0,24%"
"24/01/2020","13.572,5","13.637,5","13.645,5","13.572,5","0,21K","-0,42%"
"23/01/2020","13.630,0","13.640,0","13.650,0","13.605,0","0,20K","-0,11%"
"22/01/2020","13.644,5","13.664,5","13.689,5","13.624,5","0,19K","-0,10%"
"21/01/2020","13.657,5","13.637,5","13.677,5","13.632,5","0,21K","0,18%"
"20/01/2020","13.632,5","13.642,5","13.660,5","13.632,5","0,22K","-0,04%"